раф;большой;шоколадный
капучино;большой;ванильный
раф;маленький;розовый
раф;большой;карамельный
латте;маленький;
латте;большой;
капучино;маленький;кокосовый
раф;большой;карамельный
капучино;маленький;
латте;маленький;
капучино;маленький;кленовый
капучино;средний;
капучино;средний;
латте;средний;шоколадный
капучино;маленький;шоколадный
раф;средний;ванильный
капучино;большой;
раф;большой;карамельный
латте;большой;шоколадный
капучино;средний;розовый
капучино;маленький;карамельный
раф;средний;
латте;маленький;ванильный
латте;средний;ванильный
раф;большой;кленовый
капучино;маленький;кленовый
раф;средний;кокосовый
капучино;маленький;
капучино;большой;розовый
латте;маленький;карамельный
раф;большой;ванильный
раф;большой;карамельный
раф;средний;кленовый
раф;средний;ванильный
латте;маленький;карамельный
раф;маленький;розовый
раф;маленький;ванильный
раф;средний;шоколадный
капучино;средний;ванильный
раф;маленький;
латте;большой;кленовый
латте;маленький;ванильный
латте;маленький;ванильный
раф;средний;карамельный
капучино;средний;кокосовый
латте;средний;шоколадный
латте;большой;ванильный
латте;большой;кокосовый
латте;маленький;розовый
раф;средний;ванильный
раф;маленький;кленовый
латте;средний;карамельный
латте;средний;шоколадный
капучино;маленький;кокосовый
латте;маленький;карамельный
капучино;большой;шоколадный
раф;маленький;кокосовый
раф;средний;шоколадный
раф;средний;карамельный
латте;маленький;шоколадный
латте;маленький;
раф;большой;
раф;большой;розовый
раф;большой;ванильный
латте;маленький;розовый
латте;средний;
латте;средний;кленовый
раф;большой;шоколадный
латте;большой;кокосовый
латте;большой;карамельный
раф;маленький;кокосовый
раф;большой;кокосовый
капучино;маленький;кленовый
латте;большой;кленовый
раф;маленький;кокосовый
латте;большой;розовый
латте;средний;розовый
капучино;средний;
капучино;большой;карамельный
раф;маленький;розовый
латте;средний;шоколадный
латте;большой;кокосовый
капучино;маленький;кокосовый
латте;средний;розовый
раф;большой;карамельный
латте;большой;розовый
капучино;большой;ванильный
капучино;маленький;кокосовый
латте;большой;розовый
капучино;большой;шоколадный
латте;большой;кленовый
раф;средний;розовый
латте;большой;кокосовый
капучино;большой;
капучино;большой;ванильный
капучино;маленький;кокосовый
латте;маленький;карамельный
раф;маленький;
латте;большой;кокосовый
латте;маленький;шоколадный
латте;средний;шоколадный
латте;маленький;
раф;большой;
раф;маленький;шоколадный
латте;большой;шоколадный
раф;большой;ванильный
раф;маленький;
раф;большой;кокосовый
капучино;большой;розовый
раф;большой;ванильный
латте;большой;карамельный
капучино;большой;
латте;большой;кокосовый
капучино;большой;розовый
латте;маленький;ванильный
раф;маленький;ванильный
раф;большой;кленовый
латте;маленький;
капучино;средний;кокосовый
раф;большой;розовый
латте;большой;кленовый
раф;большой;
латте;большой;кленовый
капучино;маленький;розовый
раф;большой;карамельный
латте;маленький;шоколадный
капучино;средний;
раф;средний;розовый
латте;средний;карамельный
капучино;средний;карамельный
латте;средний;карамельный
латте;маленький;
латте;большой;кокосовый
раф;средний;
раф;большой;кленовый
капучино;средний;кокосовый
латте;большой;кокосовый
латте;средний;
латте;маленький;кокосовый
капучино;средний;кокосовый
капучино;средний;
раф;средний;кокосовый
раф;средний;шоколадный
капучино;маленький;
латте;большой;карамельный
капучино;большой;кленовый
раф;большой;шоколадный
раф;средний;карамельный
капучино;маленький;
