respondentID;seen;fan;gender;age_group;income;loc;yoda;princess_leia_organa
3292879998;да;да;М;18-29;;Южно-Атлантический;очень нравится;очень нравится
3292879538;нет;;М;18-29;0 - 24.999;Юго-Западный центральный;;
3292765271;да;нет;М;18-29;0 - 24.999;Северо-Западный центральный;не знаю такого персонажа;нравится
3292763116;да;да;М;18-29;100.000 - 149.999;Северо-Западный центральный;очень нравится;очень нравится
3292731220;да;да;М;18-29;100.000 - 149.999;Северо-Западный центральный;нравится;нравится
3292719380;да;да;М;18-29;25.000 - 49.999;Средне-Атлантический;очень нравится;очень нравится
3292684787;да;да;М;18-29;;Северо-Восточный центральный;очень нравится;нравится
3292663732;да;да;М;18-29;;Южно-Атлантический;очень нравится;очень нравится
3292654043;да;да;М;18-29;0 - 24.999;Южно-Атлантический;нравится;нравится
3292640424;да;нет;М;18-29;25.000 - 49.999;Тихоокеанский;очень нравится;очень нравится
3292637870;да;;;;;;;
3292635062;нет;;;;;;;
3292609214;да;нет;М;18-29;25.000 - 49.999;Южно-Атлантический;очень нравится;нравится
3292596911;да;да;М;30-44;50.000 - 99.999;Горный;очень нравится;очень нравится
3292587240;да;да;М;18-29;;Северо-Восточный центральный;очень нравится;очень нравится
3292583038;да;да;М;18-29;0 - 24.999;Юго-Западный центральный;нравится;нравится
3292580516;да;да;М;18-29;50.000 - 99.999;Новая Англия;очень не нравится;не нравится
3292572872;да;да;М;18-29;;Средне-Атлантический;очень нравится;очень нравится
3292565282;да;да;М;18-29;;Южно-Атлантический;очень нравится;очень нравится
3292562297;да;да;М;18-29;50.000 - 99.999;Северо-Западный центральный;очень нравится;очень нравится
3292522349;да;да;М;18-29;;Тихоокеанский;очень нравится;нравится
3292521066;да;нет;М;18-29;;Тихоокеанский;отношусь нейтрально;отношусь нейтрально
3292511801;да;да;М;18-29;50.000 - 99.999;Южно-Атлантический;очень нравится;очень нравится
3292483200;да;да;М;18-29;0 - 24.999;Тихоокеанский;очень нравится;нравится
3292465491;да;да;М;18-29;;Северо-Восточный центральный;очень нравится;очень нравится
3292447974;нет;;М;18-29;0 - 24.999;Юго-Восточный центральный;;
3292420123;да;да;М;18-29;100.000 - 149.999;Южно-Атлантический;очень нравится;нравится
3292384040;да;да;М;18-29;;Средне-Атлантический;очень нравится;очень нравится
3292380493;да;да;М;18-29;;Средне-Атлантический;очень нравится;отношусь нейтрально
3292376985;да;да;М;18-29;150.000+;Северо-Восточный центральный;очень нравится;очень нравится
3292366792;да;нет;М;30-44;0 - 24.999;Новая Англия;нравится;отношусь нейтрально
3292339379;да;да;М;30-44;50.000 - 99.999;Северо-Западный центральный;очень нравится;очень нравится
3292330840;да;нет;М;18-29;;Средне-Атлантический;не нравится;не нравится
3292318652;да;нет;М;18-29;50.000 - 99.999;Горный;;
3292297848;нет;;М;30-44;50.000 - 99.999;Юго-Восточный центральный;;
3292290677;да;да;М;30-44;150.000+;Северо-Восточный центральный;очень нравится;очень нравится
3292281095;да;да;М;18-29;0 - 24.999;Северо-Западный центральный;отношусь нейтрально;отношусь нейтрально
3292279889;да;да;М;18-29;;Тихоокеанский;нравится;очень нравится
3292264069;да;да;М;30-44;50.000 - 99.999;Средне-Атлантический;нравится;нравится
3292257520;да;да;М;30-44;0 - 24.999;Северо-Западный центральный;очень нравится;очень нравится
3292249492;да;да;М;30-44;100.000 - 149.999;Средне-Атлантический;очень нравится;очень нравится
3292222729;да;да;М;30-44;100.000 - 149.999;Тихоокеанский;очень нравится;очень нравится
3292221635;да;да;М;18-29;25.000 - 49.999;Северо-Западный центральный;отношусь нейтрально;очень нравится
3292218251;да;да;М;18-29;150.000+;Тихоокеанский;очень нравится;очень нравится
3292214307;да;да;М;18-29;25.000 - 49.999;Новая Англия;нравится;очень нравится
3292210606;да;да;М;18-29;;Северо-Западный центральный;очень нравится;очень нравится
3292202220;нет;;М;18-29;0 - 24.999;Тихоокеанский;;
3292189580;да;да;М;30-44;50.000 - 99.999;Северо-Западный центральный;очень нравится;очень нравится
3292187343;да;нет;М;18-29;50.000 - 99.999;Тихоокеанский;очень нравится;очень нравится
3292186608;нет;;М;30-44;50.000 - 99.999;Тихоокеанский;;
3292178389;да;да;М;18-29;50.000 - 99.999;Горный;очень нравится;очень нравится
3292176862;да;да;М;18-29;;Южно-Атлантический;очень нравится;нравится
3292173922;да;да;М;30-44;50.000 - 99.999;Юго-Западный центральный;очень нравится;очень нравится
3292167131;да;да;М;18-29;25.000 - 49.999;Новая Англия;нравится;очень нравится
3292162057;да;да;М;18-29;100.000 - 149.999;Горный;нравится;нравится
3292161407;нет;;М;18-29;;Юго-Западный центральный;;
3292156614;да;да;М;18-29;150.000+;Юго-Западный центральный;очень нравится;очень нравится
3292148570;да;да;М;18-29;50.000 - 99.999;Северо-Западный центральный;нравится;нравится
3292144665;да;да;М;18-29;0 - 24.999;Новая Англия;очень нравится;очень нравится
3292143503;да;нет;М;18-29;50.000 - 99.999;Тихоокеанский;нравится;нравится
3292131636;да;да;М;18-29;150.000+;Тихоокеанский;отношусь нейтрально;очень нравится
3292125068;да;да;М;30-44;100.000 - 149.999;Тихоокеанский;;нравится
3292120160;да;да;М;18-29;100.000 - 149.999;Новая Англия;очень нравится;очень нравится
3292103680;да;да;М;30-44;50.000 - 99.999;Тихоокеанский;очень нравится;очень нравится
3292050153;да;нет;М;18-29;0 - 24.999;Тихоокеанский;нравится;нравится
3292041365;да;да;М;18-29;150.000+;Юго-Восточный центральный;очень нравится;нравится
3292033243;да;да;М;18-29;50.000 - 99.999;Южно-Атлантический;очень нравится;очень нравится
3292031637;да;нет;М;18-29;25.000 - 49.999;Юго-Восточный центральный;нравится;очень нравится
3292008762;да;да;М;18-29;25.000 - 49.999;Юго-Восточный центральный;нравится;нравится
3291992352;да;да;М;30-44;100.000 - 149.999;Северо-Западный центральный;очень нравится;очень нравится
3291945498;да;да;М;30-44;50.000 - 99.999;Северо-Западный центральный;нравится;очень нравится
3291940517;да;да;М;18-29;100.000 - 149.999;Северо-Западный центральный;очень нравится;нравится
3291871486;да;да;М;18-29;100.000 - 149.999;Южно-Атлантический;очень нравится;очень нравится
3291778150;да;да;М;18-29;25.000 - 49.999;Средне-Атлантический;очень нравится;очень нравится
3291766314;да;нет;М;30-44;50.000 - 99.999;Тихоокеанский;очень нравится;очень нравится
3291762799;да;да;М;30-44;50.000 - 99.999;Северо-Восточный центральный;очень нравится;очень нравится
3291707153;да;нет;М;30-44;50.000 - 99.999;Юго-Западный центральный;очень нравится;очень нравится
3291701619;да;да;М;18-29;;Новая Англия;очень нравится;нравится
3291696391;да;да;М;30-44;100.000 - 149.999;Северо-Западный центральный;нравится;очень нравится
3291684768;да;да;М;30-44;100.000 - 149.999;Северо-Восточный центральный;очень нравится;очень нравится
3291669388;да;;;;;;;
3291661584;да;нет;М;> 60;50.000 - 99.999;Южно-Атлантический;нравится;нравится
3291658046;да;да;М;30-44;;Южно-Атлантический;очень нравится;отношусь нейтрально
3291654919;да;да;М;> 60;50.000 - 99.999;Северо-Восточный центральный;очень нравится;очень нравится
3291653882;нет;;М;18-29;50.000 - 99.999;Северо-Восточный центральный;;
3291650311;да;да;М;30-44;25.000 - 49.999;Северо-Восточный центральный;очень нравится;очень нравится
3291649780;нет;;;;;;;
3291648660;нет;;М;> 60;;Северо-Западный центральный;;
3291641416;да;нет;М;> 60;100.000 - 149.999;Северо-Восточный центральный;очень нравится;нравится
3291635934;нет;;М;> 60;25.000 - 49.999;Новая Англия;;
3291634205;да;нет;М;30-44;0 - 24.999;Тихоокеанский;нравится;отношусь нейтрально
3291618031;да;нет;М;18-29;;Средне-Атлантический;очень нравится;нравится
3291603688;нет;;М;18-29;25.000 - 49.999;Северо-Западный центральный;;
3291602842;да;да;М;30-44;50.000 - 99.999;Тихоокеанский;отношусь нейтрально;нравится
3291598188;да;да;М;> 60;50.000 - 99.999;Южно-Атлантический;очень нравится;очень нравится
3291588139;да;да;М;> 60;50.000 - 99.999;Юго-Западный центральный;очень нравится;отношусь нейтрально
3291570206;да;;;;;;;
3291548852;да;да;М;30-44;50.000 - 99.999;Северо-Восточный центральный;очень нравится;очень нравится
3291529925;да;да;М;30-44;100.000 - 149.999;Средне-Атлантический;очень нравится;нравится
3291524547;да;нет;М;> 60;50.000 - 99.999;Северо-Восточный центральный;очень нравится;очень нравится
3291502449;да;да;М;> 60;100.000 - 149.999;Южно-Атлантический;нравится;очень нравится
3291497337;да;да;М;> 60;150.000+;Южно-Атлантический;очень нравится;очень нравится
3291482197;да;да;М;30-44;25.000 - 49.999;Южно-Атлантический;очень нравится;нравится
3291476650;нет;;М;30-44;25.000 - 49.999;Северо-Восточный центральный;;
3291470613;нет;;М;30-44;100.000 - 149.999;Средне-Атлантический;;
3291469991;да;;;;;;;
3291468155;да;нет;М;> 60;100.000 - 149.999;Тихоокеанский;нравится;нравится
3291461574;да;да;М;30-44;;Северо-Восточный центральный;очень нравится;нравится
3291455642;да;нет;М;> 60;25.000 - 49.999;Южно-Атлантический;;очень нравится
3291446474;да;нет;М;30-44;50.000 - 99.999;Северо-Восточный центральный;очень нравится;очень нравится
3291446275;да;да;М;30-44;50.000 - 99.999;Средне-Атлантический;нравится;нравится
3291439708;да;да;Ж;> 60;50.000 - 99.999;Южно-Атлантический;нравится;нравится
3291439404;да;нет;Ж;> 60;25.000 - 49.999;Тихоокеанский;нравится;нравится
3291437345;да;нет;М;30-44;50.000 - 99.999;Северо-Западный центральный;очень нравится;очень нравится
3291435787;да;нет;Ж;30-44;50.000 - 99.999;Южно-Атлантический;нравится;очень нравится
3291435056;нет;;;;;;;
3291433636;да;нет;Ж;30-44;25.000 - 49.999;Юго-Западный центральный;не нравится;очень нравится
3291431939;да;да;Ж;30-44;25.000 - 49.999;Южно-Атлантический;очень нравится;очень нравится
3291430239;нет;;Ж;> 60;25.000 - 49.999;Северо-Восточный центральный;;
3291430193;нет;;;;;;;
3291428174;да;нет;Ж;30-44;50.000 - 99.999;Северо-Восточный центральный;нравится;очень нравится
3291427761;нет;;Ж;30-44;50.000 - 99.999;Южно-Атлантический;;
3291425110;да;да;Ж;30-44;50.000 - 99.999;Южно-Атлантический;очень нравится;очень нравится
3291424127;да;да;Ж;> 60;25.000 - 49.999;Южно-Атлантический;очень нравится;очень нравится
3291424006;нет;;Ж;30-44;100.000 - 149.999;Северо-Восточный центральный;;
3291422637;да;нет;Ж;> 60;25.000 - 49.999;Северо-Восточный центральный;очень нравится;нравится
3291421381;нет;;Ж;> 60;100.000 - 149.999;Южно-Атлантический;;
3291420030;да;;;;;;;
3291410155;нет;;Ж;30-44;0 - 24.999;Новая Англия;;
3291405943;да;;;;;;;
3291402264;нет;;М;> 60;25.000 - 49.999;Северо-Восточный центральный;;
3291401326;да;да;М;> 60;25.000 - 49.999;Средне-Атлантический;очень нравится;нравится
3291395512;да;да;Ж;30-44;50.000 - 99.999;Южно-Атлантический;очень нравится;очень нравится
3291394022;да;нет;М;45-60;50.000 - 99.999;Южно-Атлантический;очень нравится;нравится
3291391717;нет;;;;;;;
3291391446;да;да;Ж;> 60;25.000 - 49.999;Северо-Восточный центральный;очень нравится;очень нравится
3291391033;нет;;Ж;30-44;25.000 - 49.999;Южно-Атлантический;;
3291390734;нет;;Ж;30-44;50.000 - 99.999;Новая Англия;;
3291388906;нет;;Ж;> 60;;Горный;;
3291388180;да;нет;Ж;> 60;50.000 - 99.999;Средне-Атлантический;очень нравится;очень нравится
3291380973;да;нет;Ж;> 60;25.000 - 49.999;Средне-Атлантический;нравится;нравится
3291378572;да;нет;Ж;> 60;50.000 - 99.999;Средне-Атлантический;нравится;очень нравится
3291375306;да;нет;Ж;30-44;25.000 - 49.999;Южно-Атлантический;очень не нравится;очень не нравится
3291364062;да;да;М;45-60;;Южно-Атлантический;очень нравится;очень нравится
3291345427;да;да;Ж;> 60;100.000 - 149.999;Северо-Восточный центральный;очень нравится;очень нравится
3291341186;да;;;;;;;
3291330710;да;нет;М;30-44;0 - 24.999;Северо-Восточный центральный;очень нравится;нравится
3291327304;да;нет;Ж;30-44;100.000 - 149.999;Южно-Атлантический;нравится;нравится
3291320154;да;да;М;30-44;100.000 - 149.999;Средне-Атлантический;очень нравится;нравится
3291312980;да;нет;Ж;18-29;0 - 24.999;Северо-Западный центральный;очень нравится;нравится
3291290675;нет;;Ж;> 60;50.000 - 99.999;Северо-Восточный центральный;;
3291288174;да;да;Ж;> 60;50.000 - 99.999;Северо-Западный центральный;очень нравится;очень нравится
3291271932;да;нет;Ж;30-44;50.000 - 99.999;Северо-Западный центральный;нравится;нравится
3291267852;да;нет;М;45-60;100.000 - 149.999;Средне-Атлантический;нравится;нравится
3291262515;да;нет;Ж;30-44;50.000 - 99.999;Юго-Западный центральный;очень нравится;нравится
3291233218;да;да;Ж;30-44;;Тихоокеанский;очень нравится;очень нравится
3291206864;да;нет;Ж;18-29;25.000 - 49.999;Тихоокеанский;очень нравится;очень нравится
3291203531;нет;;Ж;18-29;25.000 - 49.999;Северо-Восточный центральный;;
3291184745;да;да;Ж;30-44;50.000 - 99.999;Южно-Атлантический;очень нравится;очень нравится
3291181010;да;нет;М;30-44;0 - 24.999;Тихоокеанский;очень нравится;отношусь нейтрально
3291159863;да;нет;Ж;45-60;;Тихоокеанский;очень нравится;нравится
3291145258;да;нет;Ж;18-29;;Тихоокеанский;очень нравится;очень нравится
3291141478;да;да;Ж;> 60;150.000+;Тихоокеанский;очень нравится;очень нравится
3291139156;да;да;Ж;45-60;;Северо-Западный центральный;очень нравится;очень нравится
3291121359;да;нет;М;45-60;25.000 - 49.999;Южно-Атлантический;очень нравится;очень нравится
3291119656;да;нет;М;30-44;25.000 - 49.999;Горный;нравится;отношусь нейтрально
3291101925;да;нет;Ж;18-29;0 - 24.999;Горный;очень нравится;очень нравится
3291094347;да;нет;Ж;30-44;50.000 - 99.999;Тихоокеанский;очень нравится;очень нравится
3291092094;да;нет;Ж;45-60;25.000 - 49.999;Северо-Восточный центральный;очень нравится;очень нравится
3291077381;да;нет;М;45-60;150.000+;Горный;нравится;отношусь нейтрально
3291075212;да;да;М;30-44;100.000 - 149.999;Юго-Восточный центральный;очень нравится;очень нравится
3291064417;нет;;М;30-44;25.000 - 49.999;Тихоокеанский;;
3291063226;да;да;Ж;18-29;150.000+;Тихоокеанский;очень нравится;очень нравится
3291060156;да;да;Ж;30-44;0 - 24.999;Горный;очень нравится;очень нравится
3291056296;да;да;Ж;18-29;25.000 - 49.999;Северо-Западный центральный;очень нравится;очень нравится
3291052728;да;да;М;45-60;50.000 - 99.999;Юго-Западный центральный;очень нравится;очень нравится
3291051343;да;да;М;45-60;0 - 24.999;Средне-Атлантический;нравится;нравится
3291045360;да;да;М;45-60;;Юго-Восточный центральный;очень нравится;очень нравится
3291043176;да;нет;М;30-44;;Тихоокеанский;нравится;нравится
3291042516;да;нет;Ж;45-60;100.000 - 149.999;Тихоокеанский;очень нравится;очень нравится
3291037640;да;;;;;;;
3291034202;да;да;М;30-44;150.000+;Средне-Атлантический;очень нравится;очень нравится
3291033668;нет;;Ж;18-29;0 - 24.999;Северо-Восточный центральный;;
3291032418;да;нет;Ж;45-60;50.000 - 99.999;Северо-Восточный центральный;очень нравится;очень нравится
3291029281;нет;;Ж;18-29;;Средне-Атлантический;;
3291028446;да;да;М;30-44;25.000 - 49.999;Южно-Атлантический;очень нравится;нравится
3291024297;да;да;М;> 60;0 - 24.999;Средне-Атлантический;очень нравится;очень нравится
3291023456;да;да;Ж;18-29;50.000 - 99.999;Юго-Западный центральный;очень нравится;нравится
3291022655;да;да;Ж;> 60;50.000 - 99.999;Южно-Атлантический;очень нравится;очень нравится
3291022275;нет;;М;45-60;0 - 24.999;Северо-Восточный центральный;;
3291022013;да;;;;;;;
3291019033;да;да;Ж;30-44;50.000 - 99.999;Юго-Западный центральный;очень нравится;очень нравится
3291018581;нет;;Ж;45-60;;Северо-Восточный центральный;;
3291015347;нет;;Ж;> 60;0 - 24.999;Северо-Западный центральный;;
3291014757;да;да;Ж;> 60;100.000 - 149.999;Горный;очень нравится;очень нравится
3291009055;нет;;Ж;> 60;50.000 - 99.999;Северо-Восточный центральный;;
3291007877;да;да;М;45-60;100.000 - 149.999;Средне-Атлантический;очень нравится;очень нравится
3291006540;да;;;;;;;
3291002672;да;нет;М;45-60;150.000+;Северо-Восточный центральный;очень нравится;очень нравится
3291001879;нет;;Ж;18-29;50.000 - 99.999;Юго-Западный центральный;;
3290999912;да;нет;Ж;45-60;0 - 24.999;Юго-Западный центральный;очень нравится;очень нравится
3290998457;нет;;Ж;30-44;100.000 - 149.999;Северо-Восточный центральный;;
3290996933;да;да;М;18-29;50.000 - 99.999;Тихоокеанский;очень нравится;очень нравится
3290994001;да;нет;М;18-29;0 - 24.999;Средне-Атлантический;нравится;очень нравится
3290992477;да;да;Ж;18-29;25.000 - 49.999;Северо-Восточный центральный;очень нравится;нравится
3290992371;нет;;М;30-44;25.000 - 49.999;Юго-Западный центральный;;
3290987996;да;да;М;30-44;0 - 24.999;Горный;очень нравится;очень нравится
3290984063;да;нет;М;45-60;;Южно-Атлантический;;нравится
3290980789;да;;;;;;;
3290977827;да;нет;М;18-29;;Тихоокеанский;очень нравится;
3290976539;да;;;;;;;
3290975724;да;да;М;> 60;50.000 - 99.999;Горный;очень нравится;нравится
3290973695;да;да;Ж;18-29;;Средне-Атлантический;очень нравится;очень нравится
3290973177;нет;;Ж;30-44;25.000 - 49.999;Южно-Атлантический;;
3290973120;нет;;Ж;30-44;;Северо-Восточный центральный;;
3290972257;да;да;М;30-44;100.000 - 149.999;Тихоокеанский;очень нравится;очень нравится
3290971794;да;да;Ж;45-60;;Юго-Восточный центральный;очень нравится;очень нравится
3290971358;да;да;Ж;30-44;50.000 - 99.999;Тихоокеанский;очень нравится;нравится
3290965482;нет;;Ж;18-29;;Средне-Атлантический;;
3290961855;нет;;Ж;30-44;25.000 - 49.999;Северо-Восточный центральный;;
3290961497;да;да;М;18-29;50.000 - 99.999;Северо-Восточный центральный;очень нравится;нравится
3290953060;нет;;Ж;> 60;50.000 - 99.999;Северо-Западный центральный;;
3290949606;да;;;;;;;
3290948002;да;нет;Ж;> 60;0 - 24.999;Южно-Атлантический;очень нравится;очень нравится
3290947136;да;нет;Ж;45-60;25.000 - 49.999;Северо-Западный центральный;очень нравится;очень нравится
3290947011;да;нет;М;18-29;100.000 - 149.999;Средне-Атлантический;нравится;нравится
3290946211;нет;;М;30-44;;Северо-Восточный центральный;;
3290944858;да;да;М;30-44;100.000 - 149.999;Тихоокеанский;очень нравится;очень нравится
3290944288;да;да;М;45-60;;Северо-Западный центральный;очень нравится;нравится
3290941824;да;да;;;;;очень нравится;нравится
3290939696;да;;;;;;;
3290934328;да;нет;М;45-60;50.000 - 99.999;Северо-Восточный центральный;нравится;очень нравится
3290929229;да;да;М;30-44;50.000 - 99.999;Тихоокеанский;отношусь нейтрально;очень нравится
3290927126;нет;;М;45-60;;Юго-Западный центральный;;
3290926407;нет;;М;> 60;50.000 - 99.999;Юго-Западный центральный;;
3290922858;да;нет;М;> 60;50.000 - 99.999;Средне-Атлантический;очень нравится;нравится
3290920752;да;нет;Ж;> 60;0 - 24.999;Тихоокеанский;отношусь нейтрально;отношусь нейтрально
3290919823;да;да;Ж;30-44;;Юго-Западный центральный;очень нравится;очень нравится
3290919419;да;да;М;45-60;;Юго-Западный центральный;очень нравится;очень нравится
3290917153;да;да;М;30-44;150.000+;Северо-Восточный центральный;отношусь нейтрально;очень нравится
3290917131;да;да;;;;;очень нравится;очень нравится
3290916554;да;да;Ж;18-29;;Горный;очень нравится;очень нравится
3290915885;да;да;М;45-60;;Тихоокеанский;очень нравится;очень нравится
3290912485;да;;;;;;;
3290912014;да;нет;Ж;45-60;50.000 - 99.999;Северо-Восточный центральный;нравится;очень нравится
3290910069;да;да;М;45-60;;Новая Англия;очень нравится;очень нравится
3290906086;да;да;Ж;45-60;;Северо-Восточный центральный;очень нравится;отношусь нейтрально
3290906022;да;нет;М;45-60;100.000 - 149.999;Горный;нравится;нравится
3290903423;да;нет;Ж;45-60;50.000 - 99.999;Горный;нравится;очень нравится
3290902880;да;да;Ж;45-60;150.000+;Южно-Атлантический;очень нравится;очень нравится
3290901027;да;да;М;45-60;0 - 24.999;Северо-Восточный центральный;нравится;нравится
3290896982;да;;;;;;;
3290893301;нет;;М;> 60;150.000+;Северо-Восточный центральный;;
3290889443;да;нет;Ж;18-29;50.000 - 99.999;Северо-Восточный центральный;очень нравится;очень нравится
3290888715;да;;;;;;;
3290888303;да;да;М;18-29;;Северо-Восточный центральный;очень нравится;нравится
3290888102;да;нет;Ж;45-60;25.000 - 49.999;Горный;очень нравится;нравится
3290888079;да;да;Ж;> 60;;Средне-Атлантический;очень нравится;очень нравится
3290884427;да;да;М;45-60;;Тихоокеанский;очень нравится;очень нравится
3290881566;да;да;Ж;> 60;100.000 - 149.999;Тихоокеанский;очень нравится;очень нравится
3290879019;да;да;Ж;45-60;25.000 - 49.999;Юго-Восточный центральный;очень нравится;очень нравится
3290878766;да;да;М;45-60;150.000+;Южно-Атлантический;очень нравится;очень нравится
3290874545;нет;;М;45-60;;;;
3290873342;да;да;М;30-44;50.000 - 99.999;Средне-Атлантический;нравится;нравится
3290871307;да;да;М;45-60;100.000 - 149.999;Тихоокеанский;очень нравится;очень нравится
3290869696;нет;;Ж;45-60;50.000 - 99.999;Северо-Восточный центральный;;
3290863729;да;да;Ж;18-29;100.000 - 149.999;Северо-Восточный центральный;очень нравится;нравится
3290863193;да;да;М;45-60;;Южно-Атлантический;очень нравится;очень нравится
3290862050;да;;;;;;;
3290860908;да;да;М;45-60;0 - 24.999;Горный;очень нравится;очень нравится
3290860842;да;нет;М;> 60;;Южно-Атлантический;очень нравится;нравится
3290860558;да;да;М;30-44;;Новая Англия;очень нравится;очень нравится
3290858689;да;;;;;;;
3290858543;да;да;М;45-60;150.000+;Новая Англия;очень нравится;очень нравится
3290855818;да;да;М;45-60;;Северо-Восточный центральный;очень нравится;очень нравится
3290854802;да;да;М;30-44;0 - 24.999;Тихоокеанский;очень нравится;нравится
3290853559;да;нет;М;45-60;25.000 - 49.999;Юго-Восточный центральный;отношусь нейтрально;очень нравится
3290853267;да;;;;;;;
3290852271;нет;;Ж;18-29;0 - 24.999;Средне-Атлантический;;
3290848617;да;да;М;45-60;100.000 - 149.999;Юго-Западный центральный;очень нравится;нравится
3290846848;да;да;М;> 60;100.000 - 149.999;Северо-Восточный центральный;очень нравится;очень нравится
3290846769;да;нет;Ж;18-29;;Новая Англия;очень нравится;очень нравится
3290846466;да;да;М;45-60;25.000 - 49.999;Южно-Атлантический;очень нравится;очень нравится
3290845752;да;да;М;30-44;50.000 - 99.999;Горный;очень нравится;нравится
3290845367;да;да;М;30-44;0 - 24.999;Южно-Атлантический;очень нравится;очень нравится
3290845046;да;да;Ж;> 60;25.000 - 49.999;Северо-Западный центральный;очень нравится;очень нравится
3290844577;нет;;Ж;18-29;50.000 - 99.999;Средне-Атлантический;;
3290841815;да;нет;Ж;30-44;50.000 - 99.999;Юго-Восточный центральный;очень нравится;очень нравится
3290840905;нет;;Ж;45-60;100.000 - 149.999;Северо-Восточный центральный;;
3290836653;да;нет;Ж;18-29;50.000 - 99.999;Юго-Западный центральный;очень нравится;нравится
3290834007;да;нет;;;;;отношусь нейтрально;отношусь нейтрально
3290829888;да;нет;М;45-60;100.000 - 149.999;Южно-Атлантический;отношусь нейтрально;очень нравится
3290828902;нет;;Ж;45-60;;Южно-Атлантический;;
3290824340;нет;;М;45-60;150.000+;Тихоокеанский;;
3290821620;да;нет;Ж;45-60;50.000 - 99.999;Южно-Атлантический;нравится;нравится
3290819415;да;нет;М;30-44;0 - 24.999;Южно-Атлантический;нравится;отношусь нейтрально
3290815080;нет;;Ж;> 60;50.000 - 99.999;Средне-Атлантический;;
3290812610;да;нет;Ж;45-60;50.000 - 99.999;Северо-Западный центральный;очень нравится;очень нравится
3290810177;да;да;Ж;30-44;50.000 - 99.999;Юго-Восточный центральный;очень нравится;очень нравится
3290810023;да;нет;Ж;18-29;0 - 24.999;Северо-Восточный центральный;очень нравится;не знаю такого персонажа
3290807769;нет;;Ж;18-29;0 - 24.999;Северо-Восточный центральный;;
3290806200;да;да;;;;;очень нравится;очень нравится
3290805125;да;нет;М;45-60;150.000+;Южно-Атлантический;очень нравится;очень нравится
3290804128;да;;;;;;;
3290804008;да;да;М;45-60;;Горный;очень нравится;очень нравится
3290799403;да;нет;М;45-60;0 - 24.999;Средне-Атлантический;очень не нравится;очень не нравится
3290798641;нет;;М;45-60;25.000 - 49.999;Горный;;
3290798064;да;да;М;45-60;50.000 - 99.999;Южно-Атлантический;очень нравится;очень нравится
3290796650;да;да;Ж;45-60;;Северо-Западный центральный;очень нравится;очень нравится
3290792507;да;да;М;18-29;25.000 - 49.999;Тихоокеанский;нравится;нравится
3290787286;да;да;Ж;18-29;;Тихоокеанский;очень нравится;очень нравится
3290785928;да;да;М;18-29;0 - 24.999;Тихоокеанский;очень нравится;нравится
3290782952;нет;;М;45-60;25.000 - 49.999;Средне-Атлантический;;
3290781544;да;да;М;30-44;100.000 - 149.999;Северо-Западный центральный;нравится;нравится
3290781284;да;;;;;;;
3290781039;да;да;М;> 60;100.000 - 149.999;Юго-Западный центральный;нравится;нравится
3290779524;да;да;Ж;45-60;25.000 - 49.999;Юго-Западный центральный;очень нравится;очень нравится
3290779140;да;нет;Ж;30-44;50.000 - 99.999;Средне-Атлантический;очень нравится;очень нравится
3290778828;да;нет;Ж;> 60;50.000 - 99.999;Тихоокеанский;нравится;нравится
3290777129;да;;;;;;;
3290773277;да;да;М;30-44;150.000+;Южно-Атлантический;нравится;очень нравится
3290769012;нет;;Ж;45-60;50.000 - 99.999;Юго-Западный центральный;;
3290767951;да;;;;;;;
3290767535;да;нет;М;45-60;150.000+;Северо-Восточный центральный;;очень не нравится
3290765210;нет;;М;45-60;0 - 24.999;Средне-Атлантический;;
3290762924;да;нет;Ж;45-60;50.000 - 99.999;Северо-Западный центральный;не знаю такого персонажа;очень нравится
3290761823;нет;;Ж;> 60;0 - 24.999;Тихоокеанский;;
3290760722;да;да;Ж;45-60;;Северо-Восточный центральный;очень нравится;очень нравится
3290759512;да;да;Ж;> 60;25.000 - 49.999;Юго-Восточный центральный;очень нравится;
3290758362;да;да;М;18-29;;Средне-Атлантический;очень нравится;очень нравится
3290757230;да;нет;Ж;18-29;25.000 - 49.999;Тихоокеанский;отношусь нейтрально;отношусь нейтрально
3290756394;да;да;Ж;45-60;25.000 - 49.999;Средне-Атлантический;очень нравится;очень нравится
3290755451;да;да;Ж;> 60;50.000 - 99.999;Северо-Западный центральный;очень нравится;очень нравится
3290753390;да;нет;М;45-60;0 - 24.999;Новая Англия;нравится;отношусь нейтрально
3290749764;да;да;М;45-60;150.000+;Средне-Атлантический;очень нравится;нравится
3290749229;да;нет;М;45-60;0 - 24.999;Северо-Восточный центральный;очень нравится;очень нравится
3290746853;да;нет;Ж;45-60;0 - 24.999;Южно-Атлантический;отношусь нейтрально;
3290744027;да;;;;;;;
3290741994;да;да;М;30-44;;Горный;очень нравится;очень нравится
3290741405;да;да;Ж;45-60;100.000 - 149.999;Тихоокеанский;очень нравится;очень нравится
3290740448;да;да;Ж;45-60;150.000+;Горный;очень нравится;очень нравится
3290739967;да;да;Ж;45-60;;Северо-Западный центральный;очень нравится;очень нравится
3290739235;да;нет;Ж;45-60;150.000+;Южно-Атлантический;нравится;нравится
3290738262;нет;;Ж;> 60;25.000 - 49.999;Юго-Восточный центральный;;
3290737104;нет;;М;30-44;0 - 24.999;Северо-Восточный центральный;;
3290736072;да;да;М;45-60;150.000+;Тихоокеанский;очень нравится;отношусь нейтрально
3290734874;да;да;М;18-29;25.000 - 49.999;Юго-Западный центральный;очень нравится;нравится
3290733932;да;нет;М;45-60;25.000 - 49.999;Тихоокеанский;нравится;нравится
3290733316;да;да;Ж;45-60;25.000 - 49.999;Северо-Восточный центральный;очень нравится;нравится
3290732383;да;да;М;30-44;50.000 - 99.999;Горный;нравится;нравится
3290727763;да;да;М;30-44;100.000 - 149.999;Северо-Восточный центральный;очень нравится;нравится
3290726075;да;да;Ж;> 60;50.000 - 99.999;Новая Англия;очень нравится;очень нравится
3290719847;да;;;;;;;
3290718359;да;;;;;;;
3290717899;да;да;М;45-60;150.000+;Северо-Восточный центральный;очень нравится;очень нравится
3290717372;нет;;Ж;45-60;25.000 - 49.999;Юго-Восточный центральный;;
3290714941;да;нет;М;30-44;0 - 24.999;Юго-Западный центральный;очень нравится;нравится
3290714484;да;да;М;45-60;100.000 - 149.999;Северо-Западный центральный;нравится;отношусь нейтрально
3290714430;нет;;М;45-60;0 - 24.999;Юго-Западный центральный;;
3290714378;да;да;Ж;> 60;50.000 - 99.999;Горный;очень нравится;очень нравится
3290712204;да;нет;М;45-60;100.000 - 149.999;Северо-Восточный центральный;очень нравится;очень нравится
3290711898;нет;;М;18-29;25.000 - 49.999;Юго-Западный центральный;;
3290711882;да;нет;Ж;18-29;;Южно-Атлантический;отношусь нейтрально;очень нравится
3290711757;нет;;;;;;;
3290711487;да;нет;М;30-44;100.000 - 149.999;Северо-Восточный центральный;нравится;нравится
3290711262;да;нет;Ж;45-60;50.000 - 99.999;Северо-Западный центральный;очень не нравится;очень не нравится
3290708664;да;нет;Ж;> 60;0 - 24.999;Южно-Атлантический;нравится;очень нравится
3290707402;нет;;;;;;;
3290706716;да;нет;М;> 60;100.000 - 149.999;Юго-Западный центральный;очень нравится;нравится
3290706611;да;нет;Ж;18-29;25.000 - 49.999;Южно-Атлантический;нравится;нравится
3290703210;да;нет;М;30-44;25.000 - 49.999;Горный;нравится;отношусь нейтрально
3290701442;да;;;;;;;
3290700285;да;да;;;;;очень нравится;очень нравится
3290700214;да;нет;Ж;> 60;25.000 - 49.999;Горный;очень нравится;очень нравится
3290700030;да;да;М;30-44;0 - 24.999;Южно-Атлантический;очень нравится;очень нравится
3290699410;да;да;Ж;45-60;;Тихоокеанский;очень нравится;очень нравится
3290695784;да;да;Ж;45-60;100.000 - 149.999;Тихоокеанский;очень нравится;очень нравится
3290695316;да;;;;;;;
3290694269;нет;;Ж;> 60;50.000 - 99.999;Юго-Западный центральный;;
3290693095;да;;;;;;;
3290692020;нет;;Ж;> 60;50.000 - 99.999;Горный;;
3290691758;да;да;М;18-29;0 - 24.999;Юго-Западный центральный;очень нравится;очень нравится
3290689343;да;нет;М;45-60;50.000 - 99.999;Северо-Восточный центральный;очень нравится;очень нравится
3290687981;да;да;;;;;отношусь нейтрально;очень нравится
3290687830;да;да;М;30-44;100.000 - 149.999;Средне-Атлантический;очень нравится;отношусь нейтрально
3290686887;нет;;Ж;> 60;150.000+;Тихоокеанский;;
3290686362;нет;;Ж;18-29;50.000 - 99.999;Северо-Западный центральный;;
3290685885;да;;;;;;;
3290684868;да;нет;М;30-44;50.000 - 99.999;Горный;очень нравится;нравится
3290684287;да;да;Ж;45-60;100.000 - 149.999;Северо-Восточный центральный;очень нравится;очень нравится
3290681574;да;;;;;;;
3290678952;да;нет;М;30-44;100.000 - 149.999;Юго-Западный центральный;очень нравится;очень нравится
3290678515;да;да;Ж;45-60;50.000 - 99.999;Северо-Восточный центральный;очень нравится;очень нравится
3290676695;да;да;М;45-60;25.000 - 49.999;Горный;очень нравится;очень нравится
3290674534;нет;;Ж;18-29;;Средне-Атлантический;;
3290667297;да;нет;М;> 60;50.000 - 99.999;Северо-Западный центральный;;отношусь нейтрально
3290664543;да;нет;Ж;18-29;25.000 - 49.999;Тихоокеанский;очень нравится;очень нравится
3290664463;да;да;М;45-60;50.000 - 99.999;Юго-Восточный центральный;очень нравится;очень нравится
3290664069;да;;;;;;;
3290662118;да;да;М;30-44;150.000+;Северо-Восточный центральный;очень нравится;нравится
3290661650;да;да;М;18-29;150.000+;Средне-Атлантический;нравится;нравится
3290661587;да;;;;;;;
3290661135;да;да;М;30-44;50.000 - 99.999;Горный;очень нравится;очень нравится
3290659818;да;да;М;30-44;50.000 - 99.999;Северо-Восточный центральный;очень нравится;нравится
3290659314;да;да;М;30-44;0 - 24.999;Южно-Атлантический;очень нравится;очень нравится
3290655784;да;нет;М;45-60;100.000 - 149.999;Южно-Атлантический;нравится;нравится
3290654597;да;да;М;45-60;;Северо-Восточный центральный;очень нравится;очень нравится
3290652558;нет;;Ж;45-60;50.000 - 99.999;Северо-Западный центральный;;
3290651085;да;;;;;;;
3290650590;да;да;Ж;18-29;;Средне-Атлантический;очень нравится;очень нравится
3290644326;да;;;;;;;
3290640323;да;нет;М;30-44;0 - 24.999;Тихоокеанский;очень нравится;не нравится
3290638529;да;нет;М;45-60;25.000 - 49.999;Северо-Восточный центральный;отношусь нейтрально;отношусь нейтрально
3290634681;да;;;;;;;
3290631608;да;нет;Ж;45-60;;Юго-Западный центральный;не нравится;нравится
3290630470;да;нет;Ж;> 60;150.000+;Юго-Восточный центральный;очень нравится;очень нравится
3290630282;да;да;М;> 60;25.000 - 49.999;Горный;очень нравится;очень нравится
3290628419;да;;;;;;;
3290627850;да;да;М;45-60;100.000 - 149.999;Тихоокеанский;очень нравится;очень нравится
3290627681;да;да;М;45-60;100.000 - 149.999;Северо-Восточный центральный;очень нравится;очень нравится
3290626609;нет;;М;45-60;25.000 - 49.999;Южно-Атлантический;;
3290625814;да;;;;;;;
3290624447;да;да;М;45-60;50.000 - 99.999;Тихоокеанский;очень нравится;очень нравится
3290620991;да;да;М;45-60;25.000 - 49.999;Северо-Восточный центральный;очень нравится;очень нравится
3290617461;да;да;М;45-60;150.000+;Южно-Атлантический;очень нравится;очень нравится
3290611875;да;да;М;45-60;100.000 - 149.999;Южно-Атлантический;очень нравится;очень нравится
3290611716;да;нет;М;45-60;100.000 - 149.999;Северо-Западный центральный;отношусь нейтрально;отношусь нейтрально
3290602490;да;;;;;;;
3290601892;да;да;М;30-44;50.000 - 99.999;Новая Англия;очень нравится;очень нравится
3290601518;нет;;Ж;30-44;0 - 24.999;Северо-Восточный центральный;;
3290600680;да;да;Ж;45-60;150.000+;Средне-Атлантический;очень нравится;очень нравится
3290600559;да;да;Ж;> 60;;Южно-Атлантический;очень нравится;нравится
3290600057;да;да;Ж;30-44;25.000 - 49.999;Юго-Западный центральный;очень нравится;нравится
3290598307;да;нет;Ж;45-60;100.000 - 149.999;Юго-Восточный центральный;очень нравится;нравится
3290597099;да;да;Ж;30-44;100.000 - 149.999;Северо-Восточный центральный;очень нравится;очень нравится
3290593953;да;да;М;30-44;50.000 - 99.999;Тихоокеанский;нравится;очень нравится
3290582716;да;нет;Ж;45-60;100.000 - 149.999;Южно-Атлантический;нравится;нравится
3290572568;да;нет;М;45-60;25.000 - 49.999;Южно-Атлантический;отношусь нейтрально;отношусь нейтрально
3290572073;да;да;М;30-44;50.000 - 99.999;Южно-Атлантический;очень нравится;очень нравится
3290569001;да;да;М;> 60;25.000 - 49.999;Средне-Атлантический;очень нравится;очень нравится
3290568339;да;да;М;18-29;50.000 - 99.999;Тихоокеанский;очень нравится;нравится
3290565779;да;да;М;30-44;50.000 - 99.999;Юго-Западный центральный;очень нравится;очень нравится
3290565768;да;да;М;18-29;0 - 24.999;Новая Англия;очень нравится;очень нравится
3290565487;да;;;;;;;
3290561583;да;да;М;45-60;150.000+;Тихоокеанский;очень нравится;очень нравится
3290561192;да;да;Ж;30-44;50.000 - 99.999;Юго-Западный центральный;очень нравится;очень нравится
3290555153;нет;;М;18-29;150.000+;Юго-Западный центральный;;
3290553558;да;;;;;;;
3290552963;да;нет;М;18-29;50.000 - 99.999;Новая Англия;очень нравится;нравится
3290551809;да;нет;М;30-44;150.000+;Тихоокеанский;очень нравится;очень нравится
3290547819;нет;;Ж;18-29;0 - 24.999;Средне-Атлантический;;
3290544886;нет;;Ж;> 60;150.000+;Тихоокеанский;;
3290544865;да;да;М;45-60;50.000 - 99.999;Тихоокеанский;;очень нравится
3290544012;да;;;;;;;
3290539653;да;да;Ж;18-29;0 - 24.999;Северо-Восточный центральный;очень нравится;очень нравится
3290538433;да;да;Ж;30-44;25.000 - 49.999;Новая Англия;очень нравится;нравится
3290536294;нет;;Ж;30-44;100.000 - 149.999;Новая Англия;;
3290532429;да;да;М;18-29;50.000 - 99.999;Тихоокеанский;очень нравится;нравится
3290531735;да;да;М;45-60;50.000 - 99.999;Юго-Западный центральный;очень нравится;очень нравится
3290526356;нет;;Ж;18-29;25.000 - 49.999;Северо-Восточный центральный;;
3290525782;да;нет;Ж;45-60;100.000 - 149.999;Южно-Атлантический;очень нравится;очень нравится
3290524413;да;нет;М;30-44;0 - 24.999;Северо-Восточный центральный;не нравится;нравится
3290519884;да;да;М;45-60;;Горный;нравится;очень нравится
3290515688;да;да;Ж;45-60;;Тихоокеанский;очень нравится;очень нравится
3290511533;да;нет;М;> 60;;Южно-Атлантический;очень не нравится;очень нравится
3290506830;да;да;Ж;30-44;;Горный;очень нравится;очень нравится
3290506333;да;нет;Ж;45-60;;Тихоокеанский;очень нравится;очень нравится
3290505081;да;да;Ж;18-29;0 - 24.999;Южно-Атлантический;нравится;отношусь нейтрально
3290500457;да;да;М;45-60;100.000 - 149.999;Южно-Атлантический;нравится;нравится
3290499954;да;нет;Ж;30-44;25.000 - 49.999;Средне-Атлантический;очень нравится;нравится
3290499953;да;;;;;;;
3290496822;да;да;Ж;30-44;;Северо-Западный центральный;очень нравится;очень нравится
3290491807;да;да;;;;;нравится;нравится
3290477551;да;да;М;> 60;;Северо-Восточный центральный;очень нравится;очень нравится
3290475079;нет;;М;> 60;100.000 - 149.999;Южно-Атлантический;;
3290474953;да;нет;М;> 60;;Юго-Западный центральный;очень нравится;нравится
3290471553;да;да;М;45-60;0 - 24.999;Новая Англия;очень нравится;очень нравится
3290467062;да;да;М;30-44;0 - 24.999;Новая Англия;очень нравится;нравится
3290467000;да;нет;Ж;45-60;50.000 - 99.999;Северо-Восточный центральный;нравится;нравится
3290464481;да;да;Ж;45-60;50.000 - 99.999;Средне-Атлантический;очень нравится;очень нравится
3290463350;нет;;М;45-60;100.000 - 149.999;Тихоокеанский;;
3290461599;да;да;М;> 60;50.000 - 99.999;Южно-Атлантический;очень нравится;очень нравится
3290461455;да;;;;;;;
3290448644;да;нет;Ж;> 60;50.000 - 99.999;Тихоокеанский;очень нравится;очень нравится
3290444421;да;да;Ж;18-29;0 - 24.999;Южно-Атлантический;очень нравится;очень нравится
3290439063;да;да;М;18-29;25.000 - 49.999;Южно-Атлантический;отношусь нейтрально;нравится
3290437717;да;нет;Ж;> 60;;Тихоокеанский;очень нравится;очень нравится
3290432874;да;;;;;;;
3290432121;нет;;Ж;> 60;;Северо-Восточный центральный;;
3290428766;да;нет;Ж;30-44;;Средне-Атлантический;очень нравится;нравится
3290427764;да;да;Ж;> 60;100.000 - 149.999;Юго-Восточный центральный;очень нравится;очень нравится
3290426384;да;да;М;45-60;100.000 - 149.999;Северо-Восточный центральный;очень нравится;очень нравится
3290426289;да;;;;;;;
3290423155;да;да;М;45-60;150.000+;Юго-Западный центральный;нравится;нравится
3290421738;да;да;Ж;18-29;0 - 24.999;Тихоокеанский;нравится;не нравится
3290417966;да;да;Ж;> 60;25.000 - 49.999;Северо-Восточный центральный;очень нравится;очень нравится
3290412412;да;;;;;;;
3290411058;да;да;Ж;45-60;100.000 - 149.999;Северо-Восточный центральный;очень нравится;очень нравится
3290409431;да;нет;Ж;> 60;25.000 - 49.999;Северо-Восточный центральный;очень нравится;отношусь нейтрально
3290409075;да;нет;М;45-60;150.000+;Средне-Атлантический;очень нравится;нравится
3290407409;да;да;Ж;18-29;0 - 24.999;Горный;очень нравится;очень нравится
3290401956;да;да;Ж;30-44;150.000+;Тихоокеанский;очень нравится;нравится
3290398978;нет;;М;45-60;;Южно-Атлантический;;
3290394872;да;да;Ж;30-44;50.000 - 99.999;Юго-Восточный центральный;очень нравится;очень нравится
3290392454;да;да;М;45-60;;Средне-Атлантический;нравится;очень нравится
3290392264;да;нет;Ж;> 60;150.000+;Южно-Атлантический;очень нравится;очень нравится
3290391985;да;да;Ж;> 60;50.000 - 99.999;Южно-Атлантический;очень нравится;очень нравится
3290386524;да;да;Ж;> 60;50.000 - 99.999;Юго-Западный центральный;очень нравится;очень нравится
3290380140;да;нет;М;> 60;25.000 - 49.999;Северо-Восточный центральный;не знаю такого персонажа;не знаю такого персонажа
3290374523;да;да;М;> 60;25.000 - 49.999;Новая Англия;очень нравится;очень нравится
3290371734;нет;;Ж;18-29;;Южно-Атлантический;;
3290371532;да;;;;;;;
3290371101;да;;;;;;;
3290365225;да;да;Ж;> 60;;Новая Англия;очень нравится;нравится
3290364952;да;да;М;45-60;0 - 24.999;Северо-Восточный центральный;очень нравится;нравится
3290359700;нет;;Ж;30-44;100.000 - 149.999;Тихоокеанский;;
3290358751;нет;;М;> 60;150.000+;Средне-Атлантический;;
3290350512;да;да;Ж;18-29;50.000 - 99.999;Средне-Атлантический;нравится;отношусь нейтрально
3290347473;да;да;М;18-29;25.000 - 49.999;Южно-Атлантический;очень нравится;очень нравится
3290344571;да;да;М;> 60;50.000 - 99.999;Северо-Восточный центральный;очень нравится;очень нравится
3290343366;да;да;Ж;45-60;50.000 - 99.999;Новая Англия;очень нравится;нравится
3290342169;да;нет;М;18-29;50.000 - 99.999;Северо-Западный центральный;очень нравится;очень нравится
3290342102;да;да;Ж;> 60;150.000+;Северо-Западный центральный;очень нравится;очень нравится
3290340804;да;да;М;> 60;50.000 - 99.999;Южно-Атлантический;очень нравится;очень нравится
3290337251;да;да;М;> 60;50.000 - 99.999;Южно-Атлантический;очень нравится;очень нравится
3290335343;да;;;;;;;
3290329580;нет;;Ж;30-44;;Новая Англия;;
3290328309;да;да;Ж;30-44;50.000 - 99.999;Южно-Атлантический;очень нравится;очень нравится
3290325811;да;да;М;30-44;25.000 - 49.999;Юго-Западный центральный;отношусь нейтрально;очень нравится
3290324518;да;нет;Ж;> 60;25.000 - 49.999;Южно-Атлантический;нравится;очень нравится
3290320007;да;да;М;30-44;25.000 - 49.999;Новая Англия;очень нравится;очень нравится
3290318577;да;нет;Ж;30-44;25.000 - 49.999;Тихоокеанский;нравится;нравится
3290317691;да;да;Ж;30-44;150.000+;Тихоокеанский;очень нравится;очень нравится
3290316632;да;да;М;> 60;;Южно-Атлантический;очень нравится;очень нравится
3290316375;да;да;Ж;> 60;0 - 24.999;Тихоокеанский;очень нравится;очень нравится
3290315336;да;да;Ж;45-60;100.000 - 149.999;Средне-Атлантический;очень нравится;очень нравится
3290310304;нет;;М;> 60;0 - 24.999;Юго-Западный центральный;;
3290309722;да;да;Ж;> 60;100.000 - 149.999;Тихоокеанский;очень нравится;нравится
3290309711;да;да;М;45-60;50.000 - 99.999;Тихоокеанский;очень нравится;очень нравится
3290304610;да;;;;;;;
3290297761;нет;;М;30-44;25.000 - 49.999;Южно-Атлантический;;
3290296317;да;нет;Ж;45-60;100.000 - 149.999;Юго-Западный центральный;отношусь нейтрально;очень нравится
3290295809;да;нет;М;45-60;;Северо-Восточный центральный;очень нравится;очень нравится
3290294922;нет;;Ж;> 60;100.000 - 149.999;Северо-Восточный центральный;;
3290294142;да;;;;;;;
3290292697;да;да;Ж;45-60;150.000+;Горный;очень нравится;очень нравится
3290289176;да;;;;;;;
3290287101;нет;;Ж;> 60;50.000 - 99.999;Южно-Атлантический;;
3290283817;да;да;Ж;> 60;;Тихоокеанский;очень нравится;отношусь нейтрально
3290283139;да;да;Ж;> 60;50.000 - 99.999;Северо-Восточный центральный;очень нравится;очень нравится
3290280642;нет;;Ж;45-60;0 - 24.999;Юго-Западный центральный;;
3290279732;да;нет;М;30-44;50.000 - 99.999;Средне-Атлантический;отношусь нейтрально;нравится
3290269777;да;нет;Ж;> 60;50.000 - 99.999;Горный;очень нравится;очень нравится
3290268027;нет;;Ж;> 60;;Северо-Восточный центральный;;
3290266084;да;да;М;> 60;;Юго-Западный центральный;очень не нравится;очень нравится
3290262568;да;нет;М;45-60;25.000 - 49.999;Северо-Восточный центральный;отношусь нейтрально;отношусь нейтрально
3290257673;да;нет;М;45-60;50.000 - 99.999;Северо-Восточный центральный;не нравится;нравится
3290249464;нет;;;;;;;
3290248279;нет;;Ж;> 60;100.000 - 149.999;Юго-Западный центральный;;
3290248167;нет;;;;;;;
3290229579;да;нет;Ж;> 60;;Тихоокеанский;очень нравится;очень нравится
3290227264;да;да;М;45-60;50.000 - 99.999;Южно-Атлантический;очень нравится;очень нравится
3290225128;нет;;Ж;> 60;50.000 - 99.999;Юго-Западный центральный;;
3290223393;да;да;Ж;> 60;25.000 - 49.999;Средне-Атлантический;очень нравится;очень нравится
3290216970;да;да;Ж;18-29;0 - 24.999;Новая Англия;очень нравится;очень нравится
3290213089;да;да;М;45-60;25.000 - 49.999;Северо-Восточный центральный;нравится;очень нравится
3290210801;да;да;М;45-60;;Северо-Западный центральный;очень нравится;нравится
3290209773;да;да;Ж;> 60;;Средне-Атлантический;очень нравится;очень нравится
3290209744;да;да;М;18-29;50.000 - 99.999;Южно-Атлантический;нравится;очень нравится
3290206907;да;нет;М;30-44;25.000 - 49.999;Южно-Атлантический;нравится;отношусь нейтрально
3290203063;да;да;М;45-60;150.000+;Новая Англия;нравится;очень нравится
3290201752;да;нет;Ж;> 60;150.000+;Тихоокеанский;очень нравится;очень нравится
3290196296;да;нет;Ж;45-60;50.000 - 99.999;Северо-Западный центральный;нравится;очень нравится
3290193368;да;;;;;;;
3290191566;да;да;Ж;30-44;0 - 24.999;Южно-Атлантический;очень нравится;очень нравится
3290188213;да;да;М;18-29;;Юго-Восточный центральный;очень нравится;очень нравится
3290185244;да;нет;Ж;18-29;50.000 - 99.999;Южно-Атлантический;не знаю такого персонажа;не знаю такого персонажа
3290184813;нет;;;;;;;
3290182531;нет;;Ж;> 60;50.000 - 99.999;Средне-Атлантический;;
3290180442;нет;;Ж;> 60;;Южно-Атлантический;;
3290176915;да;;;;;;;
3290176563;да;да;Ж;18-29;50.000 - 99.999;Тихоокеанский;очень нравится;не нравится
3290174629;нет;;М;> 60;100.000 - 149.999;Горный;;
3290174048;да;;;;;;;
3290173775;да;да;Ж;> 60;50.000 - 99.999;Северо-Западный центральный;очень нравится;очень нравится
3290173176;да;да;М;18-29;25.000 - 49.999;Южно-Атлантический;нравится;очень нравится
3290167473;да;нет;М;> 60;150.000+;Тихоокеанский;не знаю такого персонажа;не знаю такого персонажа
3290164098;да;;;;;;;
3290159455;нет;;М;> 60;0 - 24.999;Южно-Атлантический;;
3290159056;нет;;Ж;> 60;25.000 - 49.999;Тихоокеанский;;
3290157529;да;да;Ж;18-29;100.000 - 149.999;Тихоокеанский;нравится;нравится
3290149698;да;да;Ж;30-44;0 - 24.999;Южно-Атлантический;очень нравится;очень нравится
3290148834;да;нет;Ж;18-29;25.000 - 49.999;Тихоокеанский;нравится;нравится
3290145517;да;да;М;45-60;50.000 - 99.999;Северо-Восточный центральный;очень нравится;очень нравится
3290142232;да;да;М;18-29;50.000 - 99.999;Средне-Атлантический;очень нравится;очень нравится
3290139192;да;да;М;> 60;50.000 - 99.999;Горный;очень нравится;очень нравится
3290137793;да;да;Ж;> 60;;Северо-Восточный центральный;очень нравится;очень нравится
3290128978;нет;;Ж;30-44;0 - 24.999;Тихоокеанский;;
3290128468;да;да;Ж;> 60;50.000 - 99.999;Юго-Западный центральный;очень нравится;очень нравится
3290127670;нет;;Ж;> 60;50.000 - 99.999;Южно-Атлантический;;
3290125801;да;нет;М;> 60;150.000+;Северо-Восточный центральный;очень нравится;очень нравится
3290125784;да;да;М;30-44;50.000 - 99.999;Северо-Восточный центральный;нравится;очень нравится
3290125550;да;да;М;18-29;25.000 - 49.999;Северо-Восточный центральный;очень нравится;очень нравится
3290125357;да;да;М;30-44;50.000 - 99.999;Средне-Атлантический;очень нравится;очень нравится
3290124259;да;нет;М;18-29;150.000+;Новая Англия;очень нравится;очень нравится
3290116629;нет;;Ж;> 60;;Новая Англия;;
3290116182;да;да;Ж;30-44;100.000 - 149.999;Горный;очень нравится;очень нравится
3290109779;да;да;М;30-44;50.000 - 99.999;Тихоокеанский;очень нравится;очень нравится
3290103593;да;да;Ж;45-60;0 - 24.999;Тихоокеанский;очень нравится;нравится
3290099797;да;да;Ж;30-44;100.000 - 149.999;Новая Англия;очень нравится;нравится
3290097546;да;да;М;> 60;;Северо-Восточный центральный;очень нравится;очень нравится
3290097268;да;;;;;;;
3290095220;да;;;;;;;
3290094384;нет;;Ж;> 60;25.000 - 49.999;Северо-Восточный центральный;;
3290083352;да;;;;;;;
3290082468;нет;;М;30-44;25.000 - 49.999;Средне-Атлантический;;
3290081504;да;;;;;;;
3290081040;нет;;Ж;30-44;25.000 - 49.999;Тихоокеанский;;
3290076587;нет;;Ж;45-60;25.000 - 49.999;Юго-Западный центральный;;
3290071379;нет;;Ж;> 60;50.000 - 99.999;Новая Англия;;
3290070395;да;нет;Ж;> 60;50.000 - 99.999;Юго-Западный центральный;очень нравится;очень нравится
3290068892;да;нет;Ж;> 60;50.000 - 99.999;Горный;нравится;нравится
3290068765;да;да;М;45-60;100.000 - 149.999;Южно-Атлантический;нравится;очень нравится
3290063543;да;нет;Ж;> 60;100.000 - 149.999;Южно-Атлантический;;очень нравится
3290062936;да;;;;;;;
3290061815;да;да;М;> 60;50.000 - 99.999;Тихоокеанский;очень нравится;очень нравится
3290058506;да;нет;Ж;> 60;25.000 - 49.999;Северо-Восточный центральный;очень нравится;очень нравится
3290058216;да;да;Ж;30-44;50.000 - 99.999;Южно-Атлантический;очень нравится;очень нравится
3290050695;нет;;;;;;;
3290049932;нет;;М;45-60;25.000 - 49.999;Юго-Западный центральный;;
3290049231;да;нет;М;45-60;25.000 - 49.999;Новая Англия;очень нравится;нравится
3290048884;да;да;М;45-60;;Юго-Западный центральный;очень нравится;нравится
3290047842;да;да;М;30-44;100.000 - 149.999;Новая Англия;очень нравится;очень нравится
3290047689;нет;;Ж;> 60;;Горный;;
3290047483;да;да;М;45-60;25.000 - 49.999;Северо-Западный центральный;очень нравится;очень нравится
3290046627;да;да;Ж;18-29;25.000 - 49.999;Юго-Западный центральный;очень нравится;очень нравится
3290042369;да;да;Ж;> 60;100.000 - 149.999;Тихоокеанский;очень нравится;очень нравится
3290038794;да;да;Ж;45-60;150.000+;Новая Англия;очень нравится;очень нравится
3290034196;да;нет;Ж;18-29;;Юго-Западный центральный;не знаю такого персонажа;не знаю такого персонажа
3290032864;да;да;М;45-60;100.000 - 149.999;Северо-Восточный центральный;очень нравится;очень нравится
3290029531;да;да;Ж;> 60;100.000 - 149.999;Южно-Атлантический;;очень нравится
3290024333;да;да;М;> 60;25.000 - 49.999;Горный;очень нравится;очень нравится
3290022302;да;нет;М;18-29;25.000 - 49.999;Тихоокеанский;нравится;очень нравится
3290019869;да;нет;М;> 60;25.000 - 49.999;Северо-Западный центральный;нравится;очень нравится
3290019779;да;;;;;;;
3290018381;да;да;Ж;> 60;25.000 - 49.999;Северо-Восточный центральный;очень нравится;очень нравится
3290017901;да;;;;;;;
3290014606;нет;;Ж;> 60;;Средне-Атлантический;;
3290013239;да;;;;;;;
3290011286;да;да;Ж;45-60;;Южно-Атлантический;очень нравится;очень нравится
3290010419;да;нет;М;> 60;100.000 - 149.999;Средне-Атлантический;очень не нравится;отношусь нейтрально
3290008538;нет;;Ж;> 60;;Южно-Атлантический;;
3290005674;да;да;Ж;> 60;0 - 24.999;Горный;не нравится;не нравится
3290002601;да;да;Ж;18-29;0 - 24.999;Северо-Восточный центральный;очень нравится;нравится
3289997713;да;да;М;> 60;50.000 - 99.999;Горный;очень нравится;очень нравится
3289997196;да;да;М;45-60;;Северо-Восточный центральный;нравится;очень нравится
3289996800;да;да;Ж;18-29;0 - 24.999;Новая Англия;очень нравится;очень нравится
3289996025;да;да;Ж;30-44;100.000 - 149.999;Тихоокеанский;очень нравится;очень нравится
3289995352;да;нет;Ж;> 60;25.000 - 49.999;Юго-Восточный центральный;очень нравится;очень нравится
3289993284;да;нет;Ж;30-44;50.000 - 99.999;Южно-Атлантический;очень нравится;очень нравится
3289991708;нет;;М;30-44;0 - 24.999;Тихоокеанский;;
3289989311;нет;;Ж;30-44;0 - 24.999;Южно-Атлантический;;
3289988393;да;нет;Ж;> 60;50.000 - 99.999;Тихоокеанский;нравится;очень нравится
3289987865;нет;;Ж;45-60;;Юго-Западный центральный;;
3289986698;да;нет;Ж;> 60;100.000 - 149.999;Юго-Восточный центральный;нравится;очень нравится
3289985995;да;нет;М;> 60;50.000 - 99.999;Тихоокеанский;очень нравится;очень нравится
3289980534;да;да;Ж;> 60;;Новая Англия;очень нравится;очень нравится
3289973506;да;да;Ж;30-44;;Тихоокеанский;очень нравится;очень нравится
3289972382;нет;;Ж;> 60;0 - 24.999;Тихоокеанский;;
3289971452;нет;;М;> 60;50.000 - 99.999;Средне-Атлантический;;
3289971256;да;нет;М;30-44;;Северо-Восточный центральный;очень нравится;очень нравится
3289963393;да;да;Ж;> 60;150.000+;Горный;очень нравится;очень нравится
3289962839;нет;;Ж;30-44;;Северо-Восточный центральный;;
3289962614;да;да;М;> 60;50.000 - 99.999;Северо-Западный центральный;очень нравится;очень нравится
3289956408;нет;;Ж;> 60;25.000 - 49.999;Северо-Восточный центральный;;
3289955364;да;да;М;45-60;50.000 - 99.999;Средне-Атлантический;очень нравится;нравится
3289952496;да;да;М;30-44;50.000 - 99.999;Новая Англия;отношусь нейтрально;отношусь нейтрально
3289951011;да;нет;Ж;> 60;50.000 - 99.999;Северо-Восточный центральный;очень нравится;очень нравится
3289949516;да;нет;;;;;нравится;очень нравится
3289949409;да;да;М;30-44;50.000 - 99.999;Северо-Западный центральный;очень нравится;очень нравится
3289943405;да;нет;М;> 60;50.000 - 99.999;Горный;очень нравится;очень нравится
3289943097;да;нет;Ж;45-60;50.000 - 99.999;Средне-Атлантический;очень нравится;очень нравится
3289942520;нет;;М;18-29;50.000 - 99.999;Северо-Восточный центральный;;
3289933137;да;нет;Ж;> 60;25.000 - 49.999;Тихоокеанский;нравится;очень нравится
3289927404;да;нет;Ж;> 60;;Тихоокеанский;очень нравится;очень нравится
3289924943;да;да;Ж;45-60;150.000+;Юго-Западный центральный;очень нравится;очень нравится
3289923980;да;да;Ж;45-60;50.000 - 99.999;Тихоокеанский;очень нравится;очень нравится
3289920249;да;да;Ж;18-29;150.000+;Южно-Атлантический;очень нравится;очень нравится
3289919285;да;;;;;;;
3289918842;да;нет;М;45-60;0 - 24.999;Тихоокеанский;нравится;не знаю такого персонажа
3289914533;да;да;М;18-29;;Тихоокеанский;очень нравится;очень нравится
3289914097;да;да;Ж;45-60;50.000 - 99.999;Средне-Атлантический;очень нравится;очень нравится
3289913649;да;нет;М;> 60;0 - 24.999;Тихоокеанский;не знаю такого персонажа;отношусь нейтрально
3289911175;да;да;М;> 60;;Горный;очень нравится;очень нравится
3289909917;да;да;М;45-60;150.000+;Новая Англия;очень нравится;очень нравится
3289907541;да;нет;Ж;> 60;50.000 - 99.999;Тихоокеанский;очень нравится;очень нравится
3289905986;да;нет;Ж;18-29;0 - 24.999;Северо-Западный центральный;очень нравится;нравится
3289905819;нет;;;;;;;
3289905044;да;да;Ж;30-44;25.000 - 49.999;Южно-Атлантический;очень нравится;очень нравится
3289903380;нет;;М;> 60;50.000 - 99.999;Южно-Атлантический;;
3289902920;да;да;М;30-44;100.000 - 149.999;Новая Англия;очень нравится;очень нравится
3289902115;да;нет;Ж;30-44;50.000 - 99.999;Новая Англия;нравится;нравится
3289901820;да;да;М;45-60;50.000 - 99.999;Северо-Западный центральный;очень нравится;очень нравится
3289901633;да;нет;Ж;30-44;150.000+;Средне-Атлантический;нравится;очень нравится
3289897826;да;да;М;> 60;25.000 - 49.999;Южно-Атлантический;очень нравится;очень нравится
3289896565;да;да;Ж;30-44;25.000 - 49.999;Юго-Западный центральный;очень нравится;очень нравится
3289895732;да;да;Ж;18-29;25.000 - 49.999;Тихоокеанский;очень нравится;нравится
3289894873;нет;;Ж;18-29;0 - 24.999;Северо-Западный центральный;;
3289891069;нет;;М;30-44;25.000 - 49.999;Средне-Атлантический;;
3289890495;нет;;Ж;45-60;;Северо-Западный центральный;;
3289888113;нет;;Ж;30-44;150.000+;Северо-Восточный центральный;;
3289888015;да;да;Ж;30-44;50.000 - 99.999;Тихоокеанский;очень нравится;очень нравится
3289885747;да;нет;М;> 60;100.000 - 149.999;Северо-Восточный центральный;очень нравится;нравится
3289878528;да;да;Ж;30-44;50.000 - 99.999;Горный;очень нравится;очень нравится
3289877093;да;да;М;45-60;100.000 - 149.999;Юго-Западный центральный;очень нравится;очень нравится
3289874408;да;да;М;30-44;50.000 - 99.999;Новая Англия;очень нравится;очень нравится
3289873978;да;да;Ж;45-60;50.000 - 99.999;Северо-Западный центральный;нравится;очень нравится
3289870772;да;нет;М;45-60;25.000 - 49.999;Северо-Восточный центральный;нравится;нравится
3289868197;да;да;М;> 60;50.000 - 99.999;Юго-Западный центральный;нравится;очень нравится
3289866531;да;да;М;> 60;50.000 - 99.999;Северо-Восточный центральный;очень нравится;очень нравится
3289866259;нет;;Ж;> 60;100.000 - 149.999;Северо-Восточный центральный;;
3289865550;да;нет;Ж;45-60;50.000 - 99.999;Северо-Западный центральный;очень нравится;очень нравится
3289864687;да;да;М;45-60;100.000 - 149.999;Северо-Западный центральный;нравится;очень нравится
3289862004;да;;;;;;;
3289861464;да;да;М;> 60;0 - 24.999;Горный;очень нравится;очень нравится
3289857817;да;да;Ж;30-44;50.000 - 99.999;Северо-Западный центральный;очень нравится;очень нравится
3289856887;да;да;Ж;> 60;;Средне-Атлантический;очень нравится;очень нравится
3289856557;нет;;М;> 60;50.000 - 99.999;Горный;;
3289855873;да;да;Ж;18-29;50.000 - 99.999;Средне-Атлантический;очень нравится;очень нравится
3289854601;да;да;М;> 60;;Юго-Западный центральный;очень нравится;очень нравится
3289848909;нет;;Ж;30-44;100.000 - 149.999;Средне-Атлантический;;
3289847932;да;да;М;18-29;25.000 - 49.999;Северо-Восточный центральный;очень нравится;очень нравится
3289844139;да;да;М;> 60;50.000 - 99.999;Северо-Западный центральный;очень нравится;очень нравится
3289843973;да;да;;;;;очень нравится;очень нравится
3289837359;нет;;Ж;> 60;50.000 - 99.999;Северо-Восточный центральный;;
3289835282;да;да;М;> 60;50.000 - 99.999;Северо-Западный центральный;очень нравится;очень нравится
3289834572;нет;;М;> 60;0 - 24.999;Южно-Атлантический;;
3289831274;нет;;Ж;> 60;150.000+;Горный;;
3289830199;нет;;Ж;> 60;50.000 - 99.999;Тихоокеанский;;
3289829982;да;да;Ж;30-44;0 - 24.999;Северо-Восточный центральный;очень нравится;очень нравится
3289822005;да;да;Ж;> 60;;Юго-Восточный центральный;очень нравится;очень нравится
3289821310;да;да;Ж;> 60;0 - 24.999;Северо-Восточный центральный;очень нравится;очень нравится
3289815685;да;да;М;30-44;25.000 - 49.999;Северо-Западный центральный;очень нравится;очень нравится
3289813977;да;да;Ж;> 60;25.000 - 49.999;Северо-Восточный центральный;очень нравится;очень нравится
3289812188;да;да;;;;;очень нравится;очень нравится
3289809469;да;да;М;30-44;50.000 - 99.999;Юго-Западный центральный;нравится;очень нравится
3289809255;нет;;М;> 60;50.000 - 99.999;Юго-Западный центральный;;
3289808310;нет;;;;;;;
3289805753;да;;;;;;;
3289805745;нет;;Ж;30-44;50.000 - 99.999;Средне-Атлантический;;
3289804908;да;да;Ж;30-44;100.000 - 149.999;Юго-Западный центральный;очень нравится;очень нравится
3289804326;да;да;М;45-60;25.000 - 49.999;Юго-Восточный центральный;очень нравится;очень нравится
3289804031;да;да;Ж;45-60;50.000 - 99.999;Тихоокеанский;очень нравится;очень нравится
3289802847;да;нет;Ж;30-44;50.000 - 99.999;Юго-Восточный центральный;очень нравится;очень нравится
3289799650;да;да;Ж;30-44;150.000+;Тихоокеанский;очень нравится;отношусь нейтрально
3289799581;да;да;Ж;30-44;50.000 - 99.999;Горный;очень нравится;очень нравится
3289798968;да;нет;Ж;> 60;0 - 24.999;Северо-Восточный центральный;очень нравится;очень нравится
3289798759;да;да;М;30-44;;Северо-Восточный центральный;отношусь нейтрально;нравится
3289797876;нет;;М;30-44;50.000 - 99.999;Северо-Западный центральный;;
3289795859;да;;;;;;;
3289790475;нет;;Ж;30-44;50.000 - 99.999;Юго-Западный центральный;;
3289790146;да;да;М;45-60;150.000+;Средне-Атлантический;очень нравится;очень нравится
3289786719;да;да;М;> 60;100.000 - 149.999;Средне-Атлантический;очень нравится;очень нравится
3289781705;да;да;М;> 60;25.000 - 49.999;Южно-Атлантический;очень нравится;очень нравится
3289779434;нет;;М;30-44;150.000+;Северо-Восточный центральный;;
3289764515;нет;;Ж;30-44;25.000 - 49.999;Северо-Восточный центральный;;
3289758800;да;да;М;30-44;50.000 - 99.999;Средне-Атлантический;нравится;нравится
3289757385;да;да;Ж;30-44;;Северо-Восточный центральный;очень нравится;очень нравится
3289757163;да;да;М;45-60;50.000 - 99.999;Тихоокеанский;нравится;очень нравится
3289753279;нет;;М;30-44;25.000 - 49.999;Северо-Восточный центральный;;
3289752347;да;нет;Ж;30-44;50.000 - 99.999;Юго-Восточный центральный;нравится;нравится
3289751464;да;да;М;> 60;;Южно-Атлантический;нравится;нравится
3289745316;нет;;Ж;45-60;100.000 - 149.999;Южно-Атлантический;;
3289745063;да;да;М;> 60;25.000 - 49.999;Новая Англия;не нравится;очень нравится
3289737236;да;да;Ж;30-44;25.000 - 49.999;Юго-Западный центральный;очень нравится;очень нравится
3289735954;да;нет;М;> 60;;Горный;нравится;нравится
3289733444;да;да;Ж;> 60;0 - 24.999;Северо-Восточный центральный;очень нравится;очень нравится
3289730973;да;да;Ж;> 60;;Южно-Атлантический;очень нравится;очень нравится
3289727014;да;да;М;> 60;100.000 - 149.999;Новая Англия;очень нравится;очень нравится
3289725827;да;да;Ж;> 60;50.000 - 99.999;Юго-Западный центральный;очень нравится;очень нравится
3289725605;да;да;М;> 60;50.000 - 99.999;Новая Англия;очень нравится;очень нравится
3289722110;да;нет;М;> 60;50.000 - 99.999;Юго-Западный центральный;отношусь нейтрально;отношусь нейтрально
3289713384;нет;;;;;;;
3289711817;да;да;М;30-44;50.000 - 99.999;Средне-Атлантический;очень нравится;очень нравится
3289710382;нет;;Ж;> 60;;Горный;;
3289706727;да;да;Ж;18-29;0 - 24.999;Тихоокеанский;очень нравится;очень нравится
3289706550;да;;;;;;;
3289705195;да;да;М;45-60;100.000 - 149.999;Северо-Восточный центральный;очень нравится;очень нравится
3289700288;да;да;М;18-29;25.000 - 49.999;Новая Англия;очень нравится;очень нравится
3289695941;да;да;М;45-60;25.000 - 49.999;Северо-Восточный центральный;очень нравится;очень нравится
3289693023;да;да;М;> 60;150.000+;Северо-Восточный центральный;очень нравится;очень нравится
3289692258;да;да;М;45-60;0 - 24.999;Средне-Атлантический;очень нравится;очень нравится
3289689591;нет;;Ж;30-44;150.000+;Северо-Восточный центральный;;
3289689331;да;нет;Ж;30-44;25.000 - 49.999;Северо-Западный центральный;очень нравится;нравится
3289688885;да;да;М;> 60;50.000 - 99.999;Юго-Западный центральный;очень нравится;очень нравится
3289686202;нет;;;;;;;
3289685200;нет;;Ж;30-44;50.000 - 99.999;Средне-Атлантический;;
3289684323;да;да;М;30-44;100.000 - 149.999;Северо-Западный центральный;очень нравится;очень нравится
3289681765;да;да;М;45-60;50.000 - 99.999;Южно-Атлантический;очень нравится;очень нравится
3289680108;да;нет;Ж;30-44;;Юго-Западный центральный;очень нравится;очень нравится
3289673695;да;нет;М;45-60;150.000+;Северо-Восточный центральный;нравится;нравится
3289666523;нет;;Ж;> 60;0 - 24.999;Тихоокеанский;;
3289664241;да;да;М;18-29;;Южно-Атлантический;очень нравится;очень нравится
3289653763;да;да;М;> 60;0 - 24.999;Юго-Западный центральный;очень нравится;очень нравится
3289653664;нет;;Ж;> 60;0 - 24.999;Средне-Атлантический;;
3289652167;да;да;Ж;45-60;100.000 - 149.999;Тихоокеанский;очень нравится;нравится
3289649402;нет;;;;;;;
3289648154;нет;;;;;;;
3289646833;нет;;М;> 60;100.000 - 149.999;Юго-Западный центральный;;
3289645505;да;нет;М;> 60;25.000 - 49.999;Северо-Восточный центральный;отношусь нейтрально;очень нравится
3289644365;да;да;М;> 60;100.000 - 149.999;Средне-Атлантический;очень нравится;очень нравится
3289641241;да;нет;Ж;30-44;25.000 - 49.999;Горный;очень нравится;нравится
3289640516;нет;;Ж;45-60;50.000 - 99.999;Горный;;
3289638367;да;да;М;> 60;25.000 - 49.999;Северо-Восточный центральный;нравится;очень нравится
3289633176;да;да;М;> 60;25.000 - 49.999;Северо-Восточный центральный;очень нравится;очень нравится
3289628791;да;нет;М;> 60;;Северо-Восточный центральный;отношусь нейтрально;нравится
3289627503;нет;;Ж;45-60;0 - 24.999;Северо-Западный центральный;;
3289625918;нет;;М;> 60;;Южно-Атлантический;;
3289625905;да;;;;;;;
3289625071;да;да;Ж;45-60;50.000 - 99.999;Новая Англия;очень нравится;очень нравится
3289621004;да;да;Ж;45-60;50.000 - 99.999;Средне-Атлантический;очень нравится;очень нравится
3289619487;да;нет;;;;;нравится;нравится
3289618781;нет;;М;45-60;50.000 - 99.999;Новая Англия;;
3289618768;да;;;;;;;
3289618355;да;;;;;;;
3289616064;да;;;;;;;
3289610618;да;;;;;;;
3289610391;да;нет;Ж;45-60;50.000 - 99.999;Северо-Восточный центральный;нравится;нравится
3289600885;да;нет;Ж;30-44;100.000 - 149.999;Северо-Западный центральный;очень нравится;очень нравится
3289598419;да;нет;Ж;45-60;25.000 - 49.999;Северо-Западный центральный;нравится;нравится
3289597768;нет;;М;> 60;50.000 - 99.999;Южно-Атлантический;;
3289597035;да;да;М;30-44;25.000 - 49.999;Новая Англия;очень нравится;нравится
3289588064;да;нет;М;45-60;;Юго-Западный центральный;очень нравится;нравится
3289582868;да;да;М;30-44;25.000 - 49.999;Горный;нравится;очень нравится
3289582774;да;нет;Ж;> 60;25.000 - 49.999;Средне-Атлантический;очень нравится;очень нравится
3289582090;да;да;Ж;45-60;50.000 - 99.999;Новая Англия;очень нравится;очень нравится
3289573606;да;да;Ж;45-60;50.000 - 99.999;Северо-Западный центральный;очень нравится;очень нравится
3289572808;да;нет;М;> 60;100.000 - 149.999;Южно-Атлантический;очень нравится;очень нравится
3289569955;нет;;М;45-60;100.000 - 149.999;Южно-Атлантический;;
3289567355;да;да;Ж;> 60;;Северо-Восточный центральный;очень нравится;очень нравится
3289564387;да;да;Ж;30-44;50.000 - 99.999;Северо-Восточный центральный;очень нравится;очень нравится
3289563102;нет;;М;> 60;25.000 - 49.999;Северо-Восточный центральный;;
3289561190;да;;;;;;;
3289560376;да;да;Ж;45-60;;Тихоокеанский;очень нравится;очень нравится
3289555540;нет;;Ж;18-29;;Северо-Восточный центральный;;
3289553574;да;;;;;;;
3289553473;да;да;М;30-44;100.000 - 149.999;Северо-Восточный центральный;очень нравится;нравится
3289552996;да;да;Ж;30-44;100.000 - 149.999;Средне-Атлантический;очень нравится;очень нравится
3289552625;да;нет;Ж;30-44;50.000 - 99.999;Новая Англия;очень нравится;очень нравится
3289543778;да;да;Ж;45-60;100.000 - 149.999;Юго-Восточный центральный;отношусь нейтрально;очень нравится
3289540349;да;да;М;18-29;0 - 24.999;Юго-Западный центральный;очень нравится;очень нравится
3289539921;да;да;Ж;30-44;0 - 24.999;Тихоокеанский;нравится;отношусь нейтрально
3289537363;да;да;Ж;30-44;100.000 - 149.999;Тихоокеанский;очень нравится;нравится
3289537293;да;да;М;> 60;50.000 - 99.999;Северо-Восточный центральный;нравится;очень нравится
3289536171;да;нет;Ж;30-44;150.000+;Тихоокеанский;очень нравится;очень нравится
3289533753;да;да;Ж;45-60;50.000 - 99.999;Юго-Восточный центральный;очень нравится;очень нравится
3289531711;да;да;Ж;45-60;0 - 24.999;Тихоокеанский;очень нравится;очень нравится
3289530269;нет;;Ж;> 60;50.000 - 99.999;Юго-Западный центральный;;
3289530042;да;да;М;30-44;25.000 - 49.999;Средне-Атлантический;очень нравится;нравится
3289529064;да;нет;М;45-60;50.000 - 99.999;Южно-Атлантический;нравится;очень нравится
3289528214;нет;;Ж;18-29;0 - 24.999;Южно-Атлантический;;
3289526845;да;нет;М;> 60;100.000 - 149.999;Южно-Атлантический;очень нравится;очень нравится
3289526048;да;нет;Ж;30-44;25.000 - 49.999;Горный;очень нравится;очень нравится
3289522048;да;нет;М;45-60;25.000 - 49.999;Тихоокеанский;нравится;очень нравится
3289512650;нет;;М;> 60;;Тихоокеанский;;
3289510637;да;нет;Ж;18-29;100.000 - 149.999;Тихоокеанский;отношусь нейтрально;отношусь нейтрально
3289510083;да;;;;;;;
3289508774;да;нет;Ж;> 60;0 - 24.999;Южно-Атлантический;очень нравится;нравится
3289505557;да;нет;Ж;18-29;25.000 - 49.999;Северо-Западный центральный;нравится;очень нравится
3289498676;да;да;М;45-60;150.000+;Северо-Восточный центральный;очень нравится;очень нравится
3289498263;да;да;Ж;45-60;50.000 - 99.999;Южно-Атлантический;очень нравится;очень нравится
3289498064;да;да;Ж;45-60;;Новая Англия;очень нравится;очень нравится
3289494245;нет;;Ж;45-60;100.000 - 149.999;Юго-Западный центральный;;
3289492759;да;;;;;;;
3289492075;да;нет;Ж;45-60;25.000 - 49.999;Юго-Западный центральный;очень нравится;очень нравится
3289489736;да;да;Ж;45-60;25.000 - 49.999;Северо-Западный центральный;очень нравится;очень нравится
3289485680;нет;;Ж;30-44;150.000+;Юго-Западный центральный;;
3289484757;да;да;Ж;30-44;25.000 - 49.999;Средне-Атлантический;очень нравится;очень нравится
3289481873;нет;;Ж;30-44;50.000 - 99.999;Северо-Западный центральный;;
3289481310;да;нет;М;> 60;;Южно-Атлантический;очень нравится;нравится
3289472648;да;да;Ж;18-29;0 - 24.999;Средне-Атлантический;очень нравится;очень нравится
3289469330;нет;;Ж;18-29;50.000 - 99.999;Северо-Западный центральный;;
3289467778;да;да;М;45-60;50.000 - 99.999;Северо-Западный центральный;очень нравится;очень нравится
3289467324;да;да;Ж;45-60;100.000 - 149.999;Горный;очень нравится;очень нравится
3289463626;нет;;Ж;45-60;50.000 - 99.999;Юго-Восточный центральный;;
3289463066;да;да;М;45-60;25.000 - 49.999;Северо-Восточный центральный;очень нравится;очень нравится
3289459695;да;;;;;;;
3289458608;да;да;Ж;18-29;50.000 - 99.999;Южно-Атлантический;очень нравится;очень нравится
3289453110;да;да;;;;;очень нравится;нравится
3289450247;да;нет;Ж;> 60;50.000 - 99.999;Новая Англия;очень нравится;нравится
3289450050;да;нет;Ж;> 60;0 - 24.999;Северо-Восточный центральный;отношусь нейтрально;очень нравится
3289449176;да;нет;Ж;30-44;;Северо-Восточный центральный;очень нравится;очень нравится
3289448435;да;да;М;> 60;50.000 - 99.999;Южно-Атлантический;очень нравится;очень нравится
3289445841;да;да;Ж;45-60;150.000+;Юго-Западный центральный;очень нравится;нравится
3289437997;нет;;Ж;> 60;50.000 - 99.999;Горный;;
3289436437;да;да;М;30-44;;Северо-Восточный центральный;очень нравится;нравится
3289434297;да;да;М;45-60;0 - 24.999;Средне-Атлантический;очень нравится;очень нравится
3289425578;да;да;Ж;45-60;;Южно-Атлантический;очень нравится;очень нравится
3289423303;да;да;Ж;45-60;150.000+;Южно-Атлантический;очень нравится;очень нравится
3289419064;нет;;Ж;30-44;100.000 - 149.999;Южно-Атлантический;;
3289418012;да;;;;;;;
3289416615;да;да;М;45-60;0 - 24.999;Северо-Западный центральный;очень нравится;очень нравится
3289415200;нет;;Ж;18-29;0 - 24.999;Северо-Восточный центральный;;
3289414959;да;да;М;45-60;50.000 - 99.999;Юго-Западный центральный;очень нравится;очень нравится
3289414036;да;нет;Ж;45-60;0 - 24.999;Южно-Атлантический;очень нравится;нравится
3289410507;да;да;;;;;очень нравится;очень нравится
3289410455;да;да;М;18-29;150.000+;Южно-Атлантический;очень нравится;очень нравится
3289398157;да;нет;М;45-60;25.000 - 49.999;Южно-Атлантический;нравится;нравится
3289394268;да;да;Ж;18-29;25.000 - 49.999;Северо-Западный центральный;отношусь нейтрально;очень не нравится
3289393495;да;нет;М;> 60;25.000 - 49.999;Южно-Атлантический;отношусь нейтрально;нравится
3289392497;да;да;Ж;30-44;0 - 24.999;Северо-Восточный центральный;очень нравится;очень нравится
3289383220;да;нет;Ж;> 60;50.000 - 99.999;Юго-Западный центральный;очень нравится;очень нравится
3289381739;да;да;Ж;45-60;;Тихоокеанский;отношусь нейтрально;отношусь нейтрально
3289374653;нет;;М;30-44;50.000 - 99.999;Новая Англия;;
3289370623;да;да;Ж;45-60;25.000 - 49.999;Северо-Западный центральный;нравится;очень нравится
3289369318;да;да;Ж;30-44;50.000 - 99.999;Северо-Западный центральный;очень нравится;нравится
3289363684;да;да;М;18-29;50.000 - 99.999;Юго-Западный центральный;очень нравится;очень нравится
3289358306;да;нет;Ж;45-60;50.000 - 99.999;Средне-Атлантический;очень нравится;очень нравится
3289354975;да;да;Ж;18-29;0 - 24.999;Новая Англия;очень нравится;очень нравится
3289351950;да;да;Ж;45-60;50.000 - 99.999;Средне-Атлантический;очень нравится;очень нравится
3289351379;да;да;Ж;30-44;50.000 - 99.999;Горный;очень нравится;очень нравится
3289341349;нет;;М;> 60;50.000 - 99.999;Средне-Атлантический;;
3289334585;нет;;;;;;;
3289334511;нет;;Ж;45-60;150.000+;Тихоокеанский;;
3289322178;да;нет;Ж;30-44;25.000 - 49.999;Тихоокеанский;нравится;нравится
3289321600;да;нет;М;> 60;150.000+;Новая Англия;не знаю такого персонажа;не знаю такого персонажа
3289317542;да;да;М;30-44;;Средне-Атлантический;нравится;очень нравится
3289316592;нет;;Ж;30-44;50.000 - 99.999;Южно-Атлантический;;
3289311086;да;да;Ж;> 60;50.000 - 99.999;Южно-Атлантический;очень нравится;очень нравится
3289305272;нет;;;;;;;
3289302743;нет;;М;45-60;50.000 - 99.999;Тихоокеанский;;
3289301976;нет;;Ж;45-60;0 - 24.999;Новая Англия;;
3289282741;нет;;Ж;30-44;25.000 - 49.999;Юго-Западный центральный;;
3289281855;да;;;;;;;
3289279767;нет;;Ж;18-29;25.000 - 49.999;Северо-Восточный центральный;;
3289274314;да;да;М;> 60;50.000 - 99.999;Юго-Западный центральный;очень нравится;нравится
3289274207;нет;;Ж;30-44;;Юго-Западный центральный;;
3289262699;да;нет;Ж;30-44;50.000 - 99.999;Северо-Восточный центральный;очень нравится;очень нравится
3289262511;да;нет;М;18-29;25.000 - 49.999;Тихоокеанский;очень нравится;очень нравится
3289242777;нет;;Ж;30-44;100.000 - 149.999;Северо-Западный центральный;;
3289236782;да;да;М;30-44;;Средне-Атлантический;не знаю такого персонажа;нравится
3289198607;да;нет;М;18-29;25.000 - 49.999;Новая Англия;очень нравится;очень нравится
3289179421;нет;;Ж;30-44;50.000 - 99.999;Южно-Атлантический;;
3289178815;да;;;;;;;
3289177383;да;да;М;30-44;100.000 - 149.999;Новая Англия;очень нравится;очень нравится
3289172932;нет;;Ж;45-60;50.000 - 99.999;Южно-Атлантический;;
3289156917;да;да;М;30-44;100.000 - 149.999;Средне-Атлантический;очень нравится;очень нравится
3289153001;да;нет;;;;;отношусь нейтрально;не нравится
3289148779;да;нет;М;> 60;50.000 - 99.999;Северо-Западный центральный;отношусь нейтрально;не нравится
3289112999;да;нет;Ж;45-60;150.000+;Южно-Атлантический;очень нравится;очень нравится
3289095873;да;нет;Ж;> 60;100.000 - 149.999;Горный;отношусь нейтрально;нравится
3289069642;да;да;М;30-44;;Южно-Атлантический;очень нравится;очень нравится
3289064086;да;нет;Ж;30-44;;Средне-Атлантический;очень нравится;нравится
3289054324;да;да;М;30-44;150.000+;Северо-Восточный центральный;очень нравится;нравится
3289049751;да;нет;Ж;45-60;;Новая Англия;очень нравится;нравится
3289032654;нет;;Ж;45-60;150.000+;Новая Англия;;
3288941294;да;да;М;30-44;150.000+;Южно-Атлантический;очень нравится;очень нравится
3288846487;да;да;М;> 60;;Средне-Атлантический;очень нравится;нравится
3288826742;нет;;Ж;18-29;0 - 24.999;Тихоокеанский;;
3288823234;нет;;Ж;30-44;50.000 - 99.999;Тихоокеанский;;
3288802482;да;да;Ж;> 60;;Южно-Атлантический;нравится;очень нравится
3288793006;да;да;Ж;> 60;50.000 - 99.999;Горный;очень нравится;очень нравится
3288777560;да;да;М;18-29;25.000 - 49.999;Тихоокеанский;очень нравится;не нравится
3288772244;да;нет;Ж;18-29;;Северо-Восточный центральный;отношусь нейтрально;нравится
3288771826;да;нет;Ж;30-44;150.000+;Северо-Восточный центральный;очень нравится;очень нравится
3288750443;да;да;М;45-60;0 - 24.999;Горный;очень нравится;очень нравится
3288741236;да;да;Ж;18-29;25.000 - 49.999;Горный;очень нравится;очень нравится
3288740386;да;нет;Ж;18-29;;Тихоокеанский;очень нравится;нравится
3288728912;да;да;Ж;45-60;50.000 - 99.999;Южно-Атлантический;нравится;очень нравится
3288723253;да;;;;;;;
3288722710;да;да;Ж;45-60;0 - 24.999;Новая Англия;очень нравится;очень нравится
3288719090;да;нет;Ж;18-29;25.000 - 49.999;Юго-Западный центральный;очень нравится;нравится
3288718743;да;да;Ж;18-29;150.000+;Тихоокеанский;очень нравится;нравится
3288714827;да;да;Ж;30-44;0 - 24.999;Тихоокеанский;очень нравится;очень нравится
3288714697;да;нет;Ж;18-29;0 - 24.999;Северо-Западный центральный;нравится;нравится
3288713721;да;нет;Ж;18-29;0 - 24.999;Тихоокеанский;очень нравится;нравится
3288713570;да;да;Ж;45-60;100.000 - 149.999;Южно-Атлантический;очень нравится;очень нравится
3288712832;да;да;Ж;45-60;25.000 - 49.999;Северо-Западный центральный;очень нравится;нравится
3288704807;да;да;М;45-60;100.000 - 149.999;Тихоокеанский;нравится;очень нравится
3288702291;да;да;М;30-44;150.000+;Тихоокеанский;очень нравится;очень нравится
3288700554;да;нет;Ж;45-60;25.000 - 49.999;Тихоокеанский;очень нравится;нравится
3288699973;нет;;Ж;30-44;0 - 24.999;Северо-Восточный центральный;;
3288698545;нет;;Ж;> 60;0 - 24.999;Средне-Атлантический;;
3288698085;да;да;Ж;> 60;25.000 - 49.999;Тихоокеанский;очень нравится;очень нравится
3288697760;да;нет;Ж;18-29;100.000 - 149.999;Северо-Восточный центральный;очень нравится;очень нравится
3288696158;нет;;М;> 60;100.000 - 149.999;Тихоокеанский;;
3288694272;нет;;Ж;18-29;0 - 24.999;Северо-Западный центральный;;
3288690295;да;да;М;> 60;;Горный;очень нравится;очень нравится
3288689621;нет;;Ж;18-29;;Северо-Восточный центральный;;
3288687502;да;да;Ж;18-29;50.000 - 99.999;Тихоокеанский;очень нравится;нравится
3288685641;да;да;Ж;30-44;50.000 - 99.999;Юго-Западный центральный;очень нравится;нравится
3288683262;нет;;Ж;45-60;50.000 - 99.999;Тихоокеанский;;
3288683105;да;да;М;18-29;;Южно-Атлантический;нравится;очень нравится
3288682774;да;;;;;;;
3288682656;да;да;Ж;30-44;50.000 - 99.999;Новая Англия;очень нравится;отношусь нейтрально
3288678886;да;нет;Ж;18-29;100.000 - 149.999;Северо-Восточный центральный;очень нравится;очень нравится
3288675923;да;да;Ж;18-29;;Юго-Западный центральный;очень нравится;очень нравится
3288672490;да;нет;Ж;18-29;50.000 - 99.999;Тихоокеанский;очень нравится;очень нравится
3288672409;да;да;Ж;18-29;;Тихоокеанский;очень нравится;очень нравится
3288672197;нет;;Ж;18-29;150.000+;Средне-Атлантический;;
3288671359;да;да;Ж;18-29;25.000 - 49.999;Горный;очень нравится;нравится
3288671328;да;да;Ж;18-29;0 - 24.999;Новая Англия;очень нравится;не нравится
3288670345;да;да;Ж;30-44;;Тихоокеанский;очень нравится;очень нравится
3288668791;да;да;Ж;18-29;150.000+;Северо-Западный центральный;очень нравится;очень нравится
3288668404;нет;;Ж;30-44;25.000 - 49.999;Северо-Восточный центральный;;
3288668176;да;да;М;30-44;50.000 - 99.999;Южно-Атлантический;нравится;нравится
3288666429;нет;;Ж;45-60;25.000 - 49.999;Средне-Атлантический;;
3288665797;нет;;М;> 60;25.000 - 49.999;Тихоокеанский;;
3288665355;да;;;;;;;
3288662617;нет;;Ж;30-44;;Тихоокеанский;;
3288660175;да;да;Ж;45-60;50.000 - 99.999;Тихоокеанский;нравится;нравится
3288657866;да;нет;Ж;> 60;0 - 24.999;Тихоокеанский;очень нравится;очень нравится
3288657113;да;да;Ж;18-29;25.000 - 49.999;Северо-Восточный центральный;отношусь нейтрально;нравится
3288653945;да;;;;;;;
3288653548;да;да;М;> 60;50.000 - 99.999;Юго-Западный центральный;нравится;нравится
3288653332;нет;;Ж;45-60;0 - 24.999;Южно-Атлантический;;
3288653149;да;да;Ж;18-29;150.000+;Северо-Восточный центральный;очень нравится;очень нравится
3288650455;да;да;Ж;45-60;;Северо-Восточный центральный;очень нравится;очень нравится
3288649171;нет;;М;30-44;;Юго-Западный центральный;;
3288647913;да;да;Ж;30-44;50.000 - 99.999;Юго-Восточный центральный;очень нравится;очень нравится
3288647623;да;нет;М;45-60;150.000+;Южно-Атлантический;очень нравится;очень нравится
3288644592;да;да;Ж;18-29;0 - 24.999;Юго-Западный центральный;очень нравится;нравится
3288644163;да;да;М;30-44;50.000 - 99.999;Юго-Восточный центральный;очень нравится;очень нравится
3288641278;нет;;М;> 60;100.000 - 149.999;Юго-Западный центральный;;
3288639879;нет;;Ж;> 60;50.000 - 99.999;Тихоокеанский;;
3288639732;нет;;;;;;;
3288639377;да;да;Ж;30-44;100.000 - 149.999;Южно-Атлантический;очень нравится;очень нравится
3288638640;да;;;;;;;
3288635451;да;нет;М;> 60;25.000 - 49.999;Юго-Западный центральный;очень нравится;очень нравится
3288633861;нет;;Ж;18-29;25.000 - 49.999;Северо-Западный центральный;;
3288629979;да;нет;Ж;45-60;50.000 - 99.999;Тихоокеанский;очень нравится;очень нравится
3288627180;нет;;Ж;30-44;25.000 - 49.999;Юго-Западный центральный;;
3288625580;да;да;Ж;45-60;;Тихоокеанский;очень нравится;очень нравится
3288623870;да;да;Ж;45-60;;Юго-Восточный центральный;очень нравится;очень нравится
3288623420;нет;;М;> 60;50.000 - 99.999;Горный;;
3288623033;да;да;Ж;45-60;;Юго-Западный центральный;отношусь нейтрально;очень нравится
3288620198;да;да;Ж;30-44;25.000 - 49.999;Горный;очень нравится;нравится
3288618459;да;нет;Ж;45-60;100.000 - 149.999;Средне-Атлантический;очень нравится;нравится
3288617343;да;;;;;;;
3288617091;да;нет;М;18-29;100.000 - 149.999;Средне-Атлантический;очень нравится;нравится
3288614671;да;нет;Ж;45-60;50.000 - 99.999;Северо-Восточный центральный;очень нравится;отношусь нейтрально
3288614539;да;да;М;30-44;;Горный;очень нравится;очень нравится
3288614195;да;нет;Ж;18-29;25.000 - 49.999;Тихоокеанский;отношусь нейтрально;отношусь нейтрально
3288613051;нет;;Ж;18-29;;Средне-Атлантический;;
3288609566;да;нет;Ж;18-29;25.000 - 49.999;Горный;очень нравится;нравится
3288608965;да;;;;;;;
3288604946;да;нет;Ж;45-60;;Тихоокеанский;нравится;отношусь нейтрально
3288602883;да;да;Ж;> 60;25.000 - 49.999;Юго-Западный центральный;очень нравится;очень нравится
3288601847;да;да;М;45-60;50.000 - 99.999;Юго-Западный центральный;очень нравится;нравится
3288601827;нет;;Ж;> 60;25.000 - 49.999;Южно-Атлантический;;
3288599799;да;да;М;> 60;25.000 - 49.999;Тихоокеанский;очень нравится;нравится
3288599067;да;да;Ж;> 60;50.000 - 99.999;Горный;очень нравится;очень нравится
3288593331;нет;;М;45-60;;Южно-Атлантический;;
3288590836;нет;;;;;;;
3288588424;нет;;Ж;18-29;0 - 24.999;Южно-Атлантический;;
3288587373;да;да;;;;;очень нравится;очень нравится
3288586178;да;нет;Ж;45-60;50.000 - 99.999;Юго-Восточный центральный;очень нравится;очень нравится
3288585053;да;да;Ж;18-29;50.000 - 99.999;Горный;очень нравится;очень нравится
3288584578;да;да;М;30-44;50.000 - 99.999;Горный;нравится;нравится
3288583884;да;нет;М;> 60;0 - 24.999;;очень нравится;очень нравится
3288583591;да;;;;;;;
3288581774;да;;;;;;;
3288580684;нет;;;;;;;
3288580145;нет;;Ж;45-60;100.000 - 149.999;Северо-Западный центральный;;
3288579719;нет;;;;;;;
3288579445;нет;;М;45-60;150.000+;Юго-Западный центральный;;
3288578983;да;нет;Ж;45-60;;Новая Англия;;
3288578072;да;да;Ж;45-60;150.000+;Юго-Западный центральный;очень нравится;очень нравится
3288576462;да;да;Ж;45-60;25.000 - 49.999;Юго-Западный центральный;очень нравится;нравится
3288574703;да;да;М;30-44;50.000 - 99.999;Северо-Восточный центральный;нравится;очень нравится
3288571196;да;нет;Ж;30-44;0 - 24.999;Северо-Восточный центральный;очень нравится;очень нравится
3288568534;да;нет;М;30-44;50.000 - 99.999;Южно-Атлантический;отношусь нейтрально;очень нравится
3288567242;да;нет;Ж;18-29;100.000 - 149.999;Юго-Восточный центральный;очень нравится;очень нравится
3288567154;да;да;М;> 60;50.000 - 99.999;Средне-Атлантический;очень нравится;очень нравится
3288563970;нет;;Ж;45-60;50.000 - 99.999;Южно-Атлантический;;
3288563342;нет;;Ж;30-44;100.000 - 149.999;Новая Англия;;
3288563065;да;нет;М;45-60;0 - 24.999;;очень нравится;отношусь нейтрально
3288559700;да;;;;;;;
3288559015;да;нет;Ж;45-60;50.000 - 99.999;Южно-Атлантический;нравится;очень нравится
3288558131;да;нет;М;> 60;50.000 - 99.999;Тихоокеанский;нравится;нравится
3288557322;нет;;Ж;45-60;;Юго-Восточный центральный;;
3288553903;да;да;М;30-44;25.000 - 49.999;Средне-Атлантический;очень нравится;очень нравится
3288553457;да;;;;;;;
3288552984;да;да;Ж;> 60;25.000 - 49.999;Южно-Атлантический;очень нравится;очень нравится
3288551156;да;;;;;;;
3288549677;нет;;Ж;30-44;0 - 24.999;Северо-Восточный центральный;;
3288547379;да;да;М;> 60;25.000 - 49.999;Юго-Западный центральный;отношусь нейтрально;очень нравится
3288545527;да;нет;Ж;> 60;50.000 - 99.999;Северо-Восточный центральный;очень нравится;очень нравится
3288544295;да;нет;Ж;45-60;50.000 - 99.999;Средне-Атлантический;очень нравится;очень нравится
3288539645;нет;;М;> 60;150.000+;Новая Англия;;
3288538248;да;да;М;18-29;0 - 24.999;Горный;очень нравится;очень нравится
3288536532;да;да;Ж;45-60;150.000+;Южно-Атлантический;нравится;нравится
3288534023;да;нет;Ж;30-44;25.000 - 49.999;Южно-Атлантический;нравится;нравится
3288532773;нет;;Ж;45-60;50.000 - 99.999;Юго-Западный центральный;;
3288532255;нет;;М;45-60;50.000 - 99.999;Тихоокеанский;;
3288526244;нет;;Ж;18-29;;Южно-Атлантический;;
3288524042;да;да;М;> 60;25.000 - 49.999;Тихоокеанский;нравится;нравится
3288523874;да;да;М;18-29;100.000 - 149.999;Тихоокеанский;очень нравится;очень нравится
3288522525;да;да;Ж;45-60;150.000+;Средне-Атлантический;очень нравится;очень нравится
3288522488;да;да;Ж;18-29;50.000 - 99.999;Южно-Атлантический;очень нравится;очень нравится
3288521325;да;да;М;30-44;150.000+;Новая Англия;нравится;очень нравится
3288519037;да;нет;Ж;> 60;150.000+;Южно-Атлантический;нравится;не нравится
3288516295;да;нет;Ж;> 60;100.000 - 149.999;Северо-Восточный центральный;нравится;нравится
3288515773;да;да;Ж;45-60;150.000+;Северо-Восточный центральный;очень нравится;очень нравится
3288514217;да;нет;Ж;18-29;50.000 - 99.999;Юго-Восточный центральный;отношусь нейтрально;отношусь нейтрально
3288513045;нет;;;;;;;
3288512822;да;да;Ж;45-60;;Средне-Атлантический;очень нравится;нравится
3288512665;да;да;Ж;18-29;;Северо-Восточный центральный;очень нравится;очень нравится
3288512020;да;;;;;;;
3288511686;нет;;Ж;30-44;100.000 - 149.999;Северо-Восточный центральный;;
3288511180;да;нет;Ж;45-60;100.000 - 149.999;Средне-Атлантический;нравится;нравится
3288509415;да;да;Ж;45-60;;Средне-Атлантический;очень нравится;очень нравится
3288506275;да;да;М;45-60;150.000+;Средне-Атлантический;очень нравится;очень нравится
3288505925;да;да;Ж;18-29;50.000 - 99.999;Северо-Западный центральный;очень нравится;нравится
3288505737;да;да;М;18-29;50.000 - 99.999;Тихоокеанский;нравится;нравится
3288505216;нет;;Ж;> 60;;Южно-Атлантический;;
3288505151;нет;;Ж;45-60;50.000 - 99.999;Тихоокеанский;;
3288504398;да;нет;М;45-60;50.000 - 99.999;Тихоокеанский;не знаю такого персонажа;не знаю такого персонажа
3288502884;да;нет;Ж;18-29;25.000 - 49.999;Новая Англия;отношусь нейтрально;отношусь нейтрально
3288501301;да;да;Ж;18-29;0 - 24.999;Тихоокеанский;нравится;отношусь нейтрально
3288499757;нет;;Ж;> 60;25.000 - 49.999;Южно-Атлантический;;
3288498715;да;да;Ж;30-44;;Южно-Атлантический;очень нравится;нравится
3288497532;нет;;Ж;30-44;50.000 - 99.999;Южно-Атлантический;;
3288497228;да;да;М;45-60;100.000 - 149.999;Северо-Западный центральный;очень нравится;очень нравится
3288497010;нет;;Ж;45-60;150.000+;Новая Англия;;
3288493077;да;нет;Ж;45-60;;Тихоокеанский;очень нравится;очень нравится
3288492006;да;нет;Ж;18-29;25.000 - 49.999;Северо-Восточный центральный;нравится;очень нравится
3288484535;да;да;М;45-60;100.000 - 149.999;Юго-Западный центральный;очень нравится;очень нравится
3288482717;да;да;Ж;18-29;50.000 - 99.999;Средне-Атлантический;очень нравится;очень нравится
3288482581;да;да;М;30-44;50.000 - 99.999;Юго-Восточный центральный;очень нравится;очень нравится
3288482369;да;нет;Ж;18-29;25.000 - 49.999;Горный;отношусь нейтрально;отношусь нейтрально
3288479368;да;да;Ж;45-60;;Южно-Атлантический;очень нравится;очень нравится
3288479074;нет;;Ж;> 60;0 - 24.999;Южно-Атлантический;;
3288477753;да;нет;М;45-60;100.000 - 149.999;Юго-Западный центральный;отношусь нейтрально;очень нравится
3288476971;да;да;Ж;30-44;50.000 - 99.999;Северо-Западный центральный;очень нравится;очень нравится
3288472373;нет;;М;> 60;0 - 24.999;Тихоокеанский;;
3288471192;нет;;М;45-60;;Новая Англия;;
3288469670;нет;;Ж;18-29;;Средне-Атлантический;;
3288469047;да;нет;М;> 60;50.000 - 99.999;Северо-Западный центральный;очень нравится;очень нравится
3288460192;да;;;;;;;
3288459190;да;нет;Ж;18-29;;Юго-Западный центральный;отношусь нейтрально;не нравится
3288458873;да;;;;;;;
3288456946;да;да;Ж;45-60;;Средне-Атлантический;очень нравится;нравится
3288455900;да;;;;;;;
3288453555;да;нет;М;> 60;50.000 - 99.999;Средне-Атлантический;очень нравится;очень не нравится
3288446700;да;нет;М;45-60;150.000+;Новая Англия;очень нравится;очень нравится
3288446529;да;да;М;> 60;50.000 - 99.999;Северо-Западный центральный;очень нравится;очень нравится
3288445926;да;нет;Ж;45-60;50.000 - 99.999;Юго-Западный центральный;очень нравится;очень нравится
3288444784;да;да;М;> 60;;Тихоокеанский;очень нравится;очень нравится
3288442728;да;да;Ж;30-44;50.000 - 99.999;Северо-Восточный центральный;очень нравится;нравится
3288436226;нет;;Ж;> 60;;Средне-Атлантический;;
3288432395;нет;;Ж;45-60;50.000 - 99.999;Юго-Западный центральный;;
3288429451;да;да;Ж;18-29;0 - 24.999;Северо-Восточный центральный;очень нравится;очень нравится
3288429390;нет;;М;30-44;50.000 - 99.999;Юго-Западный центральный;;
3288429092;да;да;Ж;> 60;50.000 - 99.999;Тихоокеанский;очень нравится;очень нравится
3288428243;да;да;Ж;45-60;100.000 - 149.999;Южно-Атлантический;очень нравится;очень нравится
3288425859;да;нет;Ж;30-44;50.000 - 99.999;Средне-Атлантический;очень нравится;очень нравится
3288423088;нет;;М;45-60;100.000 - 149.999;Средне-Атлантический;;
3288423045;да;нет;Ж;45-60;0 - 24.999;Тихоокеанский;очень нравится;очень нравится
3288421819;нет;;Ж;> 60;0 - 24.999;Юго-Западный центральный;;
3288420798;да;нет;Ж;18-29;25.000 - 49.999;Тихоокеанский;очень нравится;нравится
3288417782;да;нет;;;;;отношусь нейтрально;нравится
3288417641;да;да;Ж;18-29;25.000 - 49.999;Южно-Атлантический;очень нравится;нравится
3288416959;да;нет;Ж;> 60;;Новая Англия;очень нравится;очень нравится
3288415166;да;нет;М;45-60;100.000 - 149.999;Средне-Атлантический;отношусь нейтрально;нравится
3288414025;да;да;Ж;30-44;50.000 - 99.999;Горный;очень нравится;очень нравится
3288413441;да;да;Ж;18-29;150.000+;Южно-Атлантический;очень нравится;очень нравится
3288410348;да;нет;Ж;30-44;;Северо-Восточный центральный;очень нравится;очень нравится
3288410073;нет;;Ж;30-44;150.000+;Северо-Восточный центральный;;
3288408698;да;да;М;45-60;25.000 - 49.999;Южно-Атлантический;очень нравится;очень нравится
3288402717;нет;;Ж;45-60;;Северо-Восточный центральный;;
3288402643;да;да;Ж;> 60;25.000 - 49.999;Горный;не нравится;очень нравится
3288402592;да;да;Ж;> 60;;Тихоокеанский;нравится;очень нравится
3288402511;да;да;Ж;30-44;;Средне-Атлантический;очень нравится;очень нравится
3288401681;да;нет;Ж;> 60;;Северо-Западный центральный;очень нравится;очень нравится
3288401136;да;да;Ж;45-60;50.000 - 99.999;Юго-Западный центральный;нравится;нравится
3288398062;да;нет;Ж;45-60;0 - 24.999;Средне-Атлантический;отношусь нейтрально;отношусь нейтрально
3288396374;да;нет;М;> 60;50.000 - 99.999;Тихоокеанский;очень нравится;очень нравится
3288395255;нет;;Ж;18-29;;Северо-Западный центральный;;
3288391812;да;да;Ж;45-60;0 - 24.999;Северо-Западный центральный;очень нравится;очень нравится
3288389603;да;да;Ж;45-60;0 - 24.999;Тихоокеанский;очень нравится;очень нравится
3288388730;да;да;Ж;18-29;0 - 24.999;Северо-Восточный центральный;очень нравится;нравится
3288378779;да;да;Ж;30-44;50.000 - 99.999;Горный;очень нравится;очень нравится
3288375286;нет;;Ж;30-44;50.000 - 99.999;Средне-Атлантический;;
3288373068;да;да;Ж;45-60;100.000 - 149.999;Северо-Восточный центральный;очень нравится;очень нравится
3288372923;да;нет;Ж;> 60;50.000 - 99.999;Тихоокеанский;очень не нравится;очень нравится